,color,fullpath,length
0,Gray and Black,E:\CLOUD FILM MEDIA\PROXIES\A008_01210855_C001_Proxy.mp4,436.833333
1,DarkRed and Teal,E:\CLOUD FILM MEDIA\PROXIES\A008_01210903_C002_Proxy.mp4,99.791667
2,Black and Olive,E:\CLOUD FILM MEDIA\PROXIES\A008_01210907_C003_Proxy.mp4,56.208333
3,Gray and Teal,E:\CLOUD FILM MEDIA\PROXIES\A008_01210909_C004_Proxy.mp4,269.208333
4,Gray and Teal,E:\CLOUD FILM MEDIA\PROXIES\A008_01210925_C005_Proxy.mp4,259.625
5,Gray,E:\CLOUD FILM MEDIA\PROXIES\A008_01210929_C006_Proxy.mp4,110.75
6,Gray and Green,E:\CLOUD FILM MEDIA\PROXIES\A008_01210931_C007_Proxy.mp4,352.791667
7,Gray,E:\CLOUD FILM MEDIA\PROXIES\A008_01210937_C008_Proxy.mp4,32.583333
8,LightCoral and MintGreen,E:\CLOUD FILM MEDIA\PROXIES\A008_01211116_C009_Proxy.mp4,10.083333
9,Navy and Olive,E:\CLOUD FILM MEDIA\PROXIES\A008_01211117_C010_Proxy.mp4,8.541667
10,Gray and Black,E:\CLOUD FILM MEDIA\PROXIES\A008_01211122_C011_Proxy.mp4,9.333333
11,Gray and Black,E:\CLOUD FILM MEDIA\PROXIES\A008_01211122_C012_Proxy.mp4,5.833333
12,Gray and Black,E:\CLOUD FILM MEDIA\PROXIES\A008_01211122_C013_Proxy.mp4,5.791667
13,DarkRed and Teal,E:\CLOUD FILM MEDIA\PROXIES\A008_01211335_C014_Proxy.mp4,17.375
14,Dolly and Pink,E:\CLOUD FILM MEDIA\PROXIES\A008_01211335_C015_Proxy.mp4,6.708333
15,Gray and Yellow,E:\CLOUD FILM MEDIA\PROXIES\A008_01211437_C016_Proxy.mp4,55.75
16,Teal and Purple,E:\CLOUD FILM MEDIA\PROXIES\A008_01212023_C017_Proxy.mp4,3.583333
17,Teal and Purple,E:\CLOUD FILM MEDIA\PROXIES\A008_01212023_C018_Proxy.mp4,26.791667
18,Black and Olive,E:\CLOUD FILM MEDIA\PROXIES\A008_01212025_C019_Proxy.mp4,6.416667
19,Black and Olive,E:\CLOUD FILM MEDIA\PROXIES\A008_01212025_C020_Proxy.mp4,8.75
20,Black and DarkRed,E:\CLOUD FILM MEDIA\PROXIES\A008_01212025_C021_Proxy.mp4,8.625
21,Black and DarkRed,E:\CLOUD FILM MEDIA\PROXIES\A008_01212026_C022_Proxy.mp4,8.208333
22,Black and DarkRed,E:\CLOUD FILM MEDIA\PROXIES\A008_01212026_C023_Proxy.mp4,19.208333
23,Black and DarkRed,E:\CLOUD FILM MEDIA\PROXIES\A008_01212027_C024_Proxy.mp4,6.833333
24,Black and Navy,E:\CLOUD FILM MEDIA\PROXIES\A008_01212027_C025_Proxy.mp4,8.666667
25,Black,E:\CLOUD FILM MEDIA\PROXIES\A008_01212027_C026_Proxy.mp4,7.333333
26,Teal and DarkRed,E:\CLOUD FILM MEDIA\PROXIES\A008_01212028_C027_Proxy.mp4,3.333333
27,Navy and Lime,E:\CLOUD FILM MEDIA\PROXIES\A008_01212028_C028_Proxy.mp4,8.208333
28,Gray and Malibu,E:\CLOUD FILM MEDIA\PROXIES\A008_01212028_C029_Proxy.mp4,4.166667
29,Gray and Anakiwa,E:\CLOUD FILM MEDIA\PROXIES\A008_01212028_C030_Proxy.mp4,8.583333
30,Gray and Anakiwa,E:\CLOUD FILM MEDIA\PROXIES\A008_01212029_C031_Proxy.mp4,4.458333
31,Teal and Purple,E:\CLOUD FILM MEDIA\PROXIES\A008_01212029_C032_Proxy.mp4,4.708333
32,Gray and DarkRed,E:\CLOUD FILM MEDIA\PROXIES\A008_01212029_C033_Proxy.mp4,10.458333
33,Olive and Purple,E:\CLOUD FILM MEDIA\PROXIES\A008_01212029_C034_Proxy.mp4,3.458333
34,Gray and Olive,E:\CLOUD FILM MEDIA\PROXIES\A008_01212030_C035_Proxy.mp4,10.958333
35,Navy and Gray,E:\CLOUD FILM MEDIA\PROXIES\A008_01212030_C036_Proxy.mp4,3.958333
36,Gray and Navy,E:\CLOUD FILM MEDIA\PROXIES\A008_01212030_C037_Proxy.mp4,5.041667
37,Gray and Navy,E:\CLOUD FILM MEDIA\PROXIES\A008_01212030_C038_Proxy.mp4,3.208333
38,Gray and Navy,E:\CLOUD FILM MEDIA\PROXIES\A008_01212031_C039_Proxy.mp4,25.916667
39,Gray and DarkRed,E:\CLOUD FILM MEDIA\PROXIES\A008_01212032_C040_Proxy.mp4,2.75
40,Gray and Navy,E:\CLOUD FILM MEDIA\PROXIES\A008_01212032_C041_Proxy.mp4,5.25
41,Malibu and MintGreen,E:\CLOUD FILM MEDIA\PROXIES\A008_01212033_C042_Proxy.mp4,3.666667
42,Malibu and MintGreen,E:\CLOUD FILM MEDIA\PROXIES\A008_01212033_C043_Proxy.mp4,3.833333
43,Teal and Purple,E:\CLOUD FILM MEDIA\PROXIES\A008_01212033_C044_Proxy.mp4,6.75
44,Teal and Purple,E:\CLOUD FILM MEDIA\PROXIES\A008_01212033_C045_Proxy.mp4,3.666667
45,Gray and Cyan,E:\CLOUD FILM MEDIA\PROXIES\A008_01212034_C046_Proxy.mp4,3.083333
46,Gray,E:\CLOUD FILM MEDIA\PROXIES\A008_01212034_C047_Proxy.mp4,10.583333
47,Gray and Malibu,E:\CLOUD FILM MEDIA\PROXIES\A008_01212034_C048_Proxy.mp4,4.333333
48,Teal and Navy,E:\CLOUD FILM MEDIA\PROXIES\A008_01212035_C049_Proxy.mp4,6.25
49,Gray and Teal,E:\CLOUD FILM MEDIA\PROXIES\A008_01212035_C050_Proxy.mp4,25.25
50,Gray and Teal,E:\CLOUD FILM MEDIA\PROXIES\A008_01212035_C051_Proxy.mp4,13.625
51,Teal and Purple,E:\CLOUD FILM MEDIA\PROXIES\A008_01212036_C052_Proxy.mp4,36.666667
52,Gray and Navy,E:\CLOUD FILM MEDIA\PROXIES\A008_01212037_C053_Proxy.mp4,22.458333
53,Teal and LightCoral,E:\CLOUD FILM MEDIA\PROXIES\A008_01212037_C054_Proxy.mp4,9.083333
54,Black,E:\CLOUD FILM MEDIA\PROXIES\A008_01212040_C055_Proxy.mp4,8.708333
55,Black,E:\CLOUD FILM MEDIA\PROXIES\A008_01212041_C056_Proxy.mp4,7.791667
56,Black,E:\CLOUD FILM MEDIA\PROXIES\A008_01212041_C057_Proxy.mp4,49.083333
57,Black,E:\CLOUD FILM MEDIA\PROXIES\A008_01212042_C058_Proxy.mp4,25.5
58,Black,E:\CLOUD FILM MEDIA\PROXIES\A008_01212042_C059_Proxy.mp4,8.791667
59,Olive and Purple,E:\CLOUD FILM MEDIA\PROXIES\A008_11301827_C001_Proxy.mp4,451.5
60,Gray and Olive,E:\CLOUD FILM MEDIA\PROXIES\A008_11301835_C002_Proxy.mp4,192.333333
61,Gray and Olive,E:\CLOUD FILM MEDIA\PROXIES\A008_11301838_C003_Proxy.mp4,31.5
62,Gray,E:\CLOUD FILM MEDIA\PROXIES\A008_11301839_C004_Proxy.mp4,174.416667
63,Gray and Olive,E:\CLOUD FILM MEDIA\PROXIES\A008_11301842_C005_Proxy.mp4,182.458333
64,Gray and Olive,E:\CLOUD FILM MEDIA\PROXIES\A008_11301845_C006_Proxy.mp4,309.125
65,Gray and Black,E:\CLOUD FILM MEDIA\PROXIES\A008_11301850_C007_Proxy.mp4,260.208333
66,Gray and Black,E:\CLOUD FILM MEDIA\PROXIES\A008_11301855_C008_Proxy.mp4,25.0
67,Gray and Black,E:\CLOUD FILM MEDIA\PROXIES\A008_11301856_C009_Proxy.mp4,146.666667
68,Gray and Olive,E:\CLOUD FILM MEDIA\PROXIES\A008_11301858_C010_Proxy.mp4,60.75
69,Gray and Olive,E:\CLOUD FILM MEDIA\PROXIES\A008_11301859_C011_Proxy.mp4,524.583333
70,Gray and Teal,E:\CLOUD FILM MEDIA\PROXIES\A008_11302014_C012_Proxy.mp4,199.958333
71,Gray,E:\CLOUD FILM MEDIA\PROXIES\A008_11302019_C013_Proxy.mp4,194.0
72,Gray and Teal,E:\CLOUD FILM MEDIA\PROXIES\A008_11302022_C014_Proxy.mp4,259.041667
73,Teal and DarkRed,E:\CLOUD FILM MEDIA\PROXIES\A008_11302026_C015_Proxy.mp4,113.75
74,Gray and Teal,E:\CLOUD FILM MEDIA\PROXIES\A008_11302029_C016_Proxy.mp4,49.166667
75,Gray and Green,E:\CLOUD FILM MEDIA\PROXIES\A008_11302030_C017_Proxy.mp4,21.166667
76,Gray and Teal,E:\CLOUD FILM MEDIA\PROXIES\A008_11302031_C018_Proxy.mp4,42.5
77,Gray and Teal,E:\CLOUD FILM MEDIA\PROXIES\A008_11302032_C019_Proxy.mp4,20.458333
78,Gray and Teal,E:\CLOUD FILM MEDIA\PROXIES\A008_11302032_C020_Proxy.mp4,30.25
79,Gray and Teal,E:\CLOUD FILM MEDIA\PROXIES\A008_11302033_C021_Proxy.mp4,5.25
80,Gray and LightCoral,E:\CLOUD FILM MEDIA\PROXIES\A008_11302033_C022_Proxy.mp4,6.958333
81,Gray and LightCoral,E:\CLOUD FILM MEDIA\PROXIES\A008_11302033_C023_Proxy.mp4,7.958333
82,Gray and LightCoral,E:\CLOUD FILM MEDIA\PROXIES\A008_11302034_C024_Proxy.mp4,14.625
83,Gray and LightCoral,E:\CLOUD FILM MEDIA\PROXIES\A008_11302034_C025_Proxy.mp4,16.375
84,Teal and DarkRed,E:\CLOUD FILM MEDIA\PROXIES\A008_11302034_C026_Proxy.mp4,49.916667
85,Gray and Black,E:\CLOUD FILM MEDIA\PROXIES\A008_11302035_C027_Proxy.mp4,11.916667
86,Gray and Teal,E:\CLOUD FILM MEDIA\PROXIES\A008_11302036_C028_Proxy.mp4,20.833333
87,Teal and DarkRed,E:\CLOUD FILM MEDIA\PROXIES\A008_11302036_C029_Proxy.mp4,113.833333
88,Gray and Teal,E:\CLOUD FILM MEDIA\PROXIES\A008_11302038_C030_Proxy.mp4,29.291667
89,Gray and Teal,E:\CLOUD FILM MEDIA\PROXIES\A008_11302039_C031_Proxy.mp4,143.916667
90,Gray and Black,E:\CLOUD FILM MEDIA\PROXIES\A008_11302041_C032_Proxy.mp4,5.166667
91,Gray and Teal,E:\CLOUD FILM MEDIA\PROXIES\A008_11302042_C033_Proxy.mp4,11.958333
92,Navy and Olive,E:\CLOUD FILM MEDIA\PROXIES\A008_11302042_C034_Proxy.mp4,31.416667
93,Teal and DarkRed,E:\CLOUD FILM MEDIA\PROXIES\A008_11302102_C035_Proxy.mp4,2.916667
94,Black,E:\CLOUD FILM MEDIA\PROXIES\A008_11302103_C036_Proxy.mp4,10.916667
95,Gray and Teal,E:\CLOUD FILM MEDIA\PROXIES\A008_11302104_C037_Proxy.mp4,26.583333
96,White and Gray,E:\CLOUD FILM MEDIA\PROXIES\A008_11302104_C038_Proxy.mp4,234.25
97,Black and Navy,E:\CLOUD FILM MEDIA\PROXIES\A008_11302108_C039_Proxy.mp4,30.875
98,Navy and Olive,E:\CLOUD FILM MEDIA\PROXIES\A008_11302109_C040_Proxy.mp4,35.083333
99,Gray and Teal,E:\CLOUD FILM MEDIA\PROXIES\A008_11302110_C041_Proxy.mp4,15.208333
100,Gray and Teal,E:\CLOUD FILM MEDIA\PROXIES\A008_11302110_C042_Proxy.mp4,11.416667
101,Gray and Teal,E:\CLOUD FILM MEDIA\PROXIES\A008_11302111_C043_Proxy.mp4,20.166667
102,Gray,E:\CLOUD FILM MEDIA\PROXIES\A008_11302111_C044_Proxy.mp4,12.25
103,Gray and Black,E:\CLOUD FILM MEDIA\PROXIES\A008_11302154_C045_Proxy.mp4,62.041667
104,Gray and Black,E:\CLOUD FILM MEDIA\PROXIES\A008_11302156_C046_Proxy.mp4,2.625
105,Black and Gray,E:\CLOUD FILM MEDIA\PROXIES\A009_11212334_C001_Proxy.mp4,82.5
106,Black and Gray,E:\CLOUD FILM MEDIA\PROXIES\A009_11212337_C002_Proxy.mp4,99.0
107,LightCoral and Purple,E:\CLOUD FILM MEDIA\PROXIES\A009_11212338_C003_Proxy.mp4,76.291667
108,Gray and Rose,E:\CLOUD FILM MEDIA\PROXIES\A009_11212339_C004_Proxy.mp4,119.458333
109,Gray and Black,E:\CLOUD FILM MEDIA\PROXIES\A009_11212340_C005_Proxy.mp4,92.666667
110,Black and Gray,E:\CLOUD FILM MEDIA\PROXIES\A009_11212341_C006_Proxy.mp4,61.041667
111,Gray and Navy,E:\CLOUD FILM MEDIA\PROXIES\A009_11212341_C007_Proxy.mp4,145.916667
112,Gray and Dolly,E:\CLOUD FILM MEDIA\PROXIES\A009_11212343_C008_Proxy.mp4,74.291667
113,Gray and Black,E:\CLOUD FILM MEDIA\PROXIES\A009_11212344_C009_Proxy.mp4,65.666667
114,Gray and Rose,E:\CLOUD FILM MEDIA\PROXIES\A009_11212344_C010_Proxy.mp4,78.666667
115,Gray and Dolly,E:\CLOUD FILM MEDIA\PROXIES\A009_11212345_C011_Proxy.mp4,49.708333
116,Gray and Rose,E:\CLOUD FILM MEDIA\PROXIES\A009_11212346_C012_Proxy.mp4,108.083333
117,Black and Navy,E:\CLOUD FILM MEDIA\PROXIES\A009_11220824_C013_Proxy.mp4,72.833333
118,Gray and Navy,E:\CLOUD FILM MEDIA\PROXIES\A009_11220825_C014_Proxy.mp4,113.041667
119,Gray and Teal,E:\CLOUD FILM MEDIA\PROXIES\A009_11220827_C015_Proxy.mp4,69.666667
120,Teal and DarkRed,E:\CLOUD FILM MEDIA\PROXIES\A009_11220829_C016_Proxy.mp4,90.416667
121,Black and Gray,E:\CLOUD FILM MEDIA\PROXIES\A009_11220830_C017_Proxy.mp4,79.583333
122,Black and Teal,E:\CLOUD FILM MEDIA\PROXIES\A009_11220832_C018_Proxy.mp4,39.458333
123,Gray and Malibu,E:\CLOUD FILM MEDIA\PROXIES\A009_11220832_C019_Proxy.mp4,20.458333
124,Gray and Teal,E:\CLOUD FILM MEDIA\PROXIES\A009_11220833_C020_Proxy.mp4,9.875
125,Gray and Teal,E:\CLOUD FILM MEDIA\PROXIES\A009_11220833_C021_Proxy.mp4,24.791667
126,Gray and Green,E:\CLOUD FILM MEDIA\PROXIES\A009_11220833_C022_Proxy.mp4,25.25
127,Gray and Teal,E:\CLOUD FILM MEDIA\PROXIES\A009_11220834_C023_Proxy.mp4,33.916667
128,Gray and Anakiwa,E:\CLOUD FILM MEDIA\PROXIES\A009_11220835_C024_Proxy.mp4,43.916667
129,Teal and Purple,E:\CLOUD FILM MEDIA\PROXIES\A009_11220836_C025_Proxy.mp4,44.166667
130,Teal and DarkRed,E:\CLOUD FILM MEDIA\PROXIES\A009_11220836_C026_Proxy.mp4,33.583333
131,Gray and Teal,E:\CLOUD FILM MEDIA\PROXIES\A009_11220837_C027_Proxy.mp4,48.875
132,Gray and Teal,E:\CLOUD FILM MEDIA\PROXIES\A009_11220838_C028_Proxy.mp4,14.833333
133,Gray and Teal,E:\CLOUD FILM MEDIA\PROXIES\A009_11220838_C029_Proxy.mp4,28.458333
134,Gray and DeepSkyBlue,E:\CLOUD FILM MEDIA\PROXIES\A009_11220839_C030_Proxy.mp4,36.0
135,Teal and Purple,E:\CLOUD FILM MEDIA\PROXIES\A009_11220839_C031_Proxy.mp4,114.083333
136,Gray and Navy,E:\CLOUD FILM MEDIA\PROXIES\A009_11220842_C032_Proxy.mp4,37.083333
137,Gray and Navy,E:\CLOUD FILM MEDIA\PROXIES\A009_11220843_C033_Proxy.mp4,26.75
138,Teal and Gray,E:\CLOUD FILM MEDIA\PROXIES\A009_11220844_C034_Proxy.mp4,33.708333
139,Gray,E:\CLOUD FILM MEDIA\PROXIES\A009_11220845_C035_Proxy.mp4,13.791667
140,Gray and Navy,E:\CLOUD FILM MEDIA\PROXIES\A009_11220845_C036_Proxy.mp4,122.916667
141,Navy and Green,E:\CLOUD FILM MEDIA\PROXIES\A009_11220847_C037_Proxy.mp4,41.625
142,Navy and Teal,E:\CLOUD FILM MEDIA\PROXIES\A009_11220848_C038_Proxy.mp4,62.208333
143,Navy and Green,E:\CLOUD FILM MEDIA\PROXIES\A009_11220849_C039_Proxy.mp4,55.458333
144,Navy and Green,E:\CLOUD FILM MEDIA\PROXIES\A009_11220851_C040_Proxy.mp4,68.958333
145,Black and Navy,E:\CLOUD FILM MEDIA\PROXIES\A009_11220852_C041_Proxy.mp4,18.125
146,Navy and Teal,E:\CLOUD FILM MEDIA\PROXIES\A009_11220852_C042_Proxy.mp4,13.875
147,Black and Navy,E:\CLOUD FILM MEDIA\PROXIES\A009_11220853_C043_Proxy.mp4,51.041667
148,Gray,E:\CLOUD FILM MEDIA\PROXIES\A009_11220853_C044_Proxy.mp4,23.541667
149,Anakiwa and Pink,E:\CLOUD FILM MEDIA\PROXIES\A009_11220903_C045_Proxy.mp4,29.291667
150,Black and Navy,E:\CLOUD FILM MEDIA\PROXIES\A009_11220904_C046_Proxy.mp4,28.916667
151,Black and DarkRed,E:\CLOUD FILM MEDIA\PROXIES\A009_11220905_C047_Proxy.mp4,23.0
152,Black and Teal,E:\CLOUD FILM MEDIA\PROXIES\A009_11220907_C048_Proxy.mp4,110.125
153,Black and Navy,E:\CLOUD FILM MEDIA\PROXIES\A009_11220910_C049_Proxy.mp4,31.458333
154,Black and Navy,E:\CLOUD FILM MEDIA\PROXIES\A009_11220910_C050_Proxy.mp4,98.333333
155,Black and DarkRed,E:\CLOUD FILM MEDIA\PROXIES\A009_11220912_C051_Proxy.mp4,63.166667
156,Black and Teal,E:\CLOUD FILM MEDIA\PROXIES\A009_11220914_C052_Proxy.mp4,25.958333
157,Teal and DarkRed,E:\CLOUD FILM MEDIA\PROXIES\A009_11220915_C053_Proxy.mp4,27.083333
158,Gray and Black,E:\CLOUD FILM MEDIA\PROXIES\A009_11220916_C054_Proxy.mp4,90.875
159,Black and Dolly,E:\CLOUD FILM MEDIA\PROXIES\A010_01201208_C001_Proxy.mp4,3.916667
160,LightCoral and DarkRed,E:\CLOUD FILM MEDIA\PROXIES\A010_01201209_C002_Proxy.mp4,3.333333
161,Gray and LightCoral,E:\CLOUD FILM MEDIA\PROXIES\A010_01201210_C003_Proxy.mp4,21.916667
162,Gray and LightCoral,E:\CLOUD FILM MEDIA\PROXIES\A010_01201224_C004_Proxy.mp4,7.75
163,LightCoral and Gray,E:\CLOUD FILM MEDIA\PROXIES\A010_01201224_C005_Proxy.mp4,7.625
164,Gray and Black,E:\CLOUD FILM MEDIA\PROXIES\A010_01201239_C006_Proxy.mp4,13.583333
165,Gray and Black,E:\CLOUD FILM MEDIA\PROXIES\A010_01201240_C007_Proxy.mp4,15.25
166,Gray and Teal,E:\CLOUD FILM MEDIA\PROXIES\A010_01201241_C008_Proxy.mp4,12.583333
167,LightCoral and MintGreen,E:\CLOUD FILM MEDIA\PROXIES\A010_01201241_C009_Proxy.mp4,12.0
168,LightCoral and Gray,E:\CLOUD FILM MEDIA\PROXIES\A010_01201241_C010_Proxy.mp4,7.791667
169,Gray and Malibu,E:\CLOUD FILM MEDIA\PROXIES\A010_01201242_C011_Proxy.mp4,19.541667
170,Teal and DarkRed,E:\CLOUD FILM MEDIA\PROXIES\A010_01201242_C012_Proxy.mp4,18.208333
171,Gray and Navy,E:\CLOUD FILM MEDIA\PROXIES\A010_01201243_C013_Proxy.mp4,6.708333
172,Gray and Dolly,E:\CLOUD FILM MEDIA\PROXIES\A010_01201243_C014_Proxy.mp4,4.75
173,Gray and Dolly,E:\CLOUD FILM MEDIA\PROXIES\A010_01201243_C015_Proxy.mp4,19.333333
174,Gray and Navy,E:\CLOUD FILM MEDIA\PROXIES\A010_01201244_C016_Proxy.mp4,21.708333
175,Gray and Black,E:\CLOUD FILM MEDIA\PROXIES\A010_01201244_C017_Proxy.mp4,18.083333
176,Black and Gray,E:\CLOUD FILM MEDIA\PROXIES\A010_01201245_C018_Proxy.mp4,7.958333
177,Black and Gray,E:\CLOUD FILM MEDIA\PROXIES\A010_01201245_C019_Proxy.mp4,8.333333
178,Navy and Olive,E:\CLOUD FILM MEDIA\PROXIES\A010_01201245_C020_Proxy.mp4,17.916667
179,Black and Gray,E:\CLOUD FILM MEDIA\PROXIES\A010_01201246_C021_Proxy.mp4,35.0
180,Black and Gray,E:\CLOUD FILM MEDIA\PROXIES\A010_01201246_C022_Proxy.mp4,14.833333
181,Gray and Navy,E:\CLOUD FILM MEDIA\PROXIES\A010_01201247_C023_Proxy.mp4,11.25
182,Gray and Black,E:\CLOUD FILM MEDIA\PROXIES\A010_01201247_C024_Proxy.mp4,26.0
183,Teal and DarkRed,E:\CLOUD FILM MEDIA\PROXIES\A010_01201248_C025_Proxy.mp4,22.583333
184,Teal and DarkRed,E:\CLOUD FILM MEDIA\PROXIES\A010_01201248_C026_Proxy.mp4,9.541667
185,Gray,E:\CLOUD FILM MEDIA\PROXIES\A010_01201248_C027_Proxy.mp4,5.958333
186,Black and Teal,E:\CLOUD FILM MEDIA\PROXIES\A010_01201249_C028_Proxy.mp4,6.5
187,Teal and DarkRed,E:\CLOUD FILM MEDIA\PROXIES\A010_01201249_C029_Proxy.mp4,6.25
188,Teal and DarkRed,E:\CLOUD FILM MEDIA\PROXIES\A010_01201249_C030_Proxy.mp4,5.583333
189,Black and Teal,E:\CLOUD FILM MEDIA\PROXIES\A010_01201250_C031_Proxy.mp4,8.5
190,Gray and Black,E:\CLOUD FILM MEDIA\PROXIES\A010_01201253_C032_Proxy.mp4,102.916667
191,Gray and LightCoral,E:\CLOUD FILM MEDIA\PROXIES\A010_01201255_C033_Proxy.mp4,71.166667
192,Black and DarkRed,E:\CLOUD FILM MEDIA\PROXIES\A010_01201257_C034_Proxy.mp4,84.416667
193,LightCoral and MintGreen,E:\CLOUD FILM MEDIA\PROXIES\A010_01201329_C035_Proxy.mp4,3.875
194,Gray and LightCoral,E:\CLOUD FILM MEDIA\PROXIES\A010_01201329_C036_Proxy.mp4,78.5
195,Gray and Green,E:\CLOUD FILM MEDIA\PROXIES\A010_01201333_C037_Proxy.mp4,90.75
196,Gray and Teal,E:\CLOUD FILM MEDIA\PROXIES\A010_01201334_C038_Proxy.mp4,26.666667
197,Gray and LightCoral,E:\CLOUD FILM MEDIA\PROXIES\A010_01201335_C039_Proxy.mp4,313.666667
198,Rose and Teal,E:\CLOUD FILM MEDIA\PROXIES\A010_01201337_C040_Proxy.mp4,89.25
199,LightCoral and Gray,E:\CLOUD FILM MEDIA\PROXIES\A010_01201356_C041_Proxy.mp4,264.875
200,LightCoral and MintGreen,E:\CLOUD FILM MEDIA\PROXIES\A010_01201359_C042_Proxy.mp4,8.458333
201,LightCoral and MintGreen,E:\CLOUD FILM MEDIA\PROXIES\A010_01201400_C043_Proxy.mp4,9.166667
202,LightCoral and MintGreen,E:\CLOUD FILM MEDIA\PROXIES\A010_01201400_C044_Proxy.mp4,10.166667
203,LightCoral and MintGreen,E:\CLOUD FILM MEDIA\PROXIES\A010_01201400_C045_Proxy.mp4,7.333333
204,LightCoral and Navy,E:\CLOUD FILM MEDIA\PROXIES\A010_01201400_C046_Proxy.mp4,7.958333
205,Gray and Navy,E:\CLOUD FILM MEDIA\PROXIES\A010_01201401_C047_Proxy.mp4,10.041667
206,Teal and DarkRed,E:\CLOUD FILM MEDIA\PROXIES\A010_01201401_C048_Proxy.mp4,11.583333
207,Gray and Teal,E:\CLOUD FILM MEDIA\PROXIES\A010_01201401_C049_Proxy.mp4,4.416667
208,LightCoral and MintGreen,E:\CLOUD FILM MEDIA\PROXIES\A010_01201402_C050_Proxy.mp4,3.916667
209,LightCoral and Anakiwa,E:\CLOUD FILM MEDIA\PROXIES\A010_01201402_C051_Proxy.mp4,4.875
210,Olive and Navy,E:\CLOUD FILM MEDIA\PROXIES\A010_01201418_C052_Proxy.mp4,7.833333
211,Black and LightCoral,E:\CLOUD FILM MEDIA\PROXIES\A010_01201418_C053_Proxy.mp4,14.666667
212,Black and DarkRed,E:\CLOUD FILM MEDIA\PROXIES\A010_01201418_C054_Proxy.mp4,100.583333
213,Navy and Green,E:\CLOUD FILM MEDIA\PROXIES\A010_01201420_C055_Proxy.mp4,34.458333
214,Black and LightCoral,E:\CLOUD FILM MEDIA\PROXIES\A010_01201420_C056_Proxy.mp4,37.166667
215,Navy and Orange,E:\CLOUD FILM MEDIA\PROXIES\A010_01201421_C057_Proxy.mp4,116.708333
216,LightCoral and Anakiwa,E:\CLOUD FILM MEDIA\PROXIES\A010_01201422_C058_Proxy.mp4,14.5
217,Gray and Black,E:\CLOUD FILM MEDIA\PROXIES\A010_01201449_C059_Proxy.mp4,9.625
218,Gray and Black,E:\CLOUD FILM MEDIA\PROXIES\A010_01201449_C060_Proxy.mp4,16.583333
219,Gray and Black,E:\CLOUD FILM MEDIA\PROXIES\A010_01201450_C061_Proxy.mp4,16.291667
220,Gray and Black,E:\CLOUD FILM MEDIA\PROXIES\A010_01201451_C062_Proxy.mp4,8.041667
221,Gray and Black,E:\CLOUD FILM MEDIA\PROXIES\A010_01201451_C063_Proxy.mp4,8.708333
222,Gray and Black,E:\CLOUD FILM MEDIA\PROXIES\A010_01201451_C064_Proxy.mp4,7.916667
223,Gray,E:\CLOUD FILM MEDIA\PROXIES\A010_01201452_C065_Proxy.mp4,13.875
224,Gray and DarkRed,E:\CLOUD FILM MEDIA\PROXIES\A010_01201452_C066_Proxy.mp4,7.208333
225,Black and LightCoral,E:\CLOUD FILM MEDIA\PROXIES\A010_01201453_C067_Proxy.mp4,11.375
226,Black and Gray,E:\CLOUD FILM MEDIA\PROXIES\A010_01201454_C068_Proxy.mp4,8.125
227,Gray and LightCoral,E:\CLOUD FILM MEDIA\PROXIES\A010_01201454_C069_Proxy.mp4,13.5
228,Gray and Black,E:\CLOUD FILM MEDIA\PROXIES\A010_01201455_C070_Proxy.mp4,6.25
229,Gray and Black,E:\CLOUD FILM MEDIA\PROXIES\A010_01201455_C071_Proxy.mp4,15.083333
230,Gray and Dolly,E:\CLOUD FILM MEDIA\PROXIES\A010_01201455_C072_Proxy.mp4,14.916667
231,Black and Gray,E:\CLOUD FILM MEDIA\PROXIES\A010_01201456_C073_Proxy.mp4,6.416667
232,Gray and Olive,E:\CLOUD FILM MEDIA\PROXIES\A010_01201456_C074_Proxy.mp4,0.916667
233,LightCoral and MintGreen,E:\CLOUD FILM MEDIA\PROXIES\A010_01201457_C075_Proxy.mp4,7.291667
234,LightCoral and MintGreen,E:\CLOUD FILM MEDIA\PROXIES\A010_01201457_C076_Proxy.mp4,7.708333
235,LightCoral and MintGreen,E:\CLOUD FILM MEDIA\PROXIES\A010_01201458_C077_Proxy.mp4,7.833333
236,Dolly and Pink,E:\CLOUD FILM MEDIA\PROXIES\A010_01201458_C078_Proxy.mp4,7.0
237,Gray and Navy,E:\CLOUD FILM MEDIA\PROXIES\A010_01201459_C079_Proxy.mp4,20.958333
238,Gray and Black,E:\CLOUD FILM MEDIA\PROXIES\A010_01201459_C080_Proxy.mp4,25.958333
239,Gray and Black,E:\CLOUD FILM MEDIA\PROXIES\A010_01201500_C081_Proxy.mp4,48.708333
240,Gray and Black,E:\CLOUD FILM MEDIA\PROXIES\A010_01201502_C082_Proxy.mp4,2.25
241,Gray and Black,E:\CLOUD FILM MEDIA\PROXIES\A010_01201502_C083_Proxy.mp4,4.75
242,Teal and Purple,E:\CLOUD FILM MEDIA\PROXIES\A010_01201504_C084_Proxy.mp4,2.416667
243,Gray and LightCoral,E:\CLOUD FILM MEDIA\PROXIES\A010_01201504_C085_Proxy.mp4,5.333333
244,Gray and Navy,E:\CLOUD FILM MEDIA\PROXIES\A010_01201505_C086_Proxy.mp4,44.041667
245,Black and Gray,E:\CLOUD FILM MEDIA\PROXIES\A010_01201519_C087_Proxy.mp4,10.208333
246,DarkRed and Green,E:\CLOUD FILM MEDIA\PROXIES\A010_01201543_C088_Proxy.mp4,6.541667
247,DarkRed and Green,E:\CLOUD FILM MEDIA\PROXIES\A010_01201543_C089_Proxy.mp4,103.916667
248,Black and DarkRed,E:\CLOUD FILM MEDIA\PROXIES\A010_01201544_C090_Proxy.mp4,46.791667
249,Black and DarkRed,E:\CLOUD FILM MEDIA\PROXIES\A010_01201545_C091_Proxy.mp4,6.458333
250,Black and DarkRed,E:\CLOUD FILM MEDIA\PROXIES\A010_01201546_C092_Proxy.mp4,6.916667
251,Black and DarkRed,E:\CLOUD FILM MEDIA\PROXIES\A010_01201546_C093_Proxy.mp4,3.458333
252,Black and DarkRed,E:\CLOUD FILM MEDIA\PROXIES\A010_01201546_C094_Proxy.mp4,20.083333
253,Black and DarkRed,E:\CLOUD FILM MEDIA\PROXIES\A010_01201546_C095_Proxy.mp4,37.708333
254,Black and DarkRed,E:\CLOUD FILM MEDIA\PROXIES\A010_01201547_C096_Proxy.mp4,33.125
255,Black and Red,E:\CLOUD FILM MEDIA\PROXIES\A010_01201547_C097_Proxy.mp4,37.791667
256,Black and DarkRed,E:\CLOUD FILM MEDIA\PROXIES\A010_01201547_C098_Proxy.mp4,76.833333
257,Black and DarkRed,E:\CLOUD FILM MEDIA\PROXIES\A010_01201548_C099_Proxy.mp4,17.416667
258,Black and DarkRed,E:\CLOUD FILM MEDIA\PROXIES\A010_01201548_C100_Proxy.mp4,12.0
259,Black and DarkRed,E:\CLOUD FILM MEDIA\PROXIES\A010_01201548_C101_Proxy.mp4,14.083333
260,Black,E:\CLOUD FILM MEDIA\PROXIES\A010_01201549_C102_Proxy.mp4,26.916667
261,Black and Red,E:\CLOUD FILM MEDIA\PROXIES\A010_01201549_C103_Proxy.mp4,118.416667
262,Black and Fuchsia,E:\CLOUD FILM MEDIA\PROXIES\A010_01201550_C104_Proxy.mp4,47.666667
263,Black and White,E:\CLOUD FILM MEDIA\PROXIES\A010_01201552_C105_Proxy.mp4,13.166667
264,Black and DarkRed,E:\CLOUD FILM MEDIA\PROXIES\A010_01201552_C106_Proxy.mp4,10.666667
265,Black and Fuchsia,E:\CLOUD FILM MEDIA\PROXIES\A010_01201552_C107_Proxy.mp4,86.875
266,Black,E:\CLOUD FILM MEDIA\PROXIES\A010_01201553_C108_Proxy.mp4,17.041667
267,Black,E:\CLOUD FILM MEDIA\PROXIES\A010_01201601_C109_Proxy.mp4,9.0
268,Black,E:\CLOUD FILM MEDIA\PROXIES\A010_01201602_C110_Proxy.mp4,20.958333
269,Black and White,E:\CLOUD FILM MEDIA\PROXIES\A010_01201602_C111_Proxy.mp4,6.333333
270,Black and DarkRed,E:\CLOUD FILM MEDIA\PROXIES\A010_01201602_C112_Proxy.mp4,14.625
271,Black,E:\CLOUD FILM MEDIA\PROXIES\A010_01201602_C113_Proxy.mp4,14.875
272,Black and White,E:\CLOUD FILM MEDIA\PROXIES\A010_01201603_C114_Proxy.mp4,10.958333
273,Black and DarkRed,E:\CLOUD FILM MEDIA\PROXIES\A010_01201603_C115_Proxy.mp4,58.416667
274,Black,E:\CLOUD FILM MEDIA\PROXIES\A010_01201603_C116_Proxy.mp4,17.25
275,Black and Navy,E:\CLOUD FILM MEDIA\PROXIES\A010_01201604_C117_Proxy.mp4,5.375
276,Black and Navy,E:\CLOUD FILM MEDIA\PROXIES\A010_01201604_C118_Proxy.mp4,24.125
277,Black and Navy,E:\CLOUD FILM MEDIA\PROXIES\A010_01201605_C119_Proxy.mp4,3.375
278,Black and Navy,E:\CLOUD FILM MEDIA\PROXIES\A010_01201606_C120_Proxy.mp4,2.958333
279,Black and Malibu,E:\CLOUD FILM MEDIA\PROXIES\A010_01201606_C121_Proxy.mp4,8.208333
280,Black,E:\CLOUD FILM MEDIA\PROXIES\A010_01201942_C122_Proxy.mp4,3.791667
281,Black,E:\CLOUD FILM MEDIA\PROXIES\A010_01201943_C123_Proxy.mp4,58.083333
282,Black and DarkRed,E:\CLOUD FILM MEDIA\PROXIES\A010_01201945_C124_Proxy.mp4,19.916667
283,Black and DarkRed,E:\CLOUD FILM MEDIA\PROXIES\A010_01201945_C125_Proxy.mp4,7.875
284,Black and DarkRed,E:\CLOUD FILM MEDIA\PROXIES\A010_01201945_C126_Proxy.mp4,66.041667
285,Black and Red,E:\CLOUD FILM MEDIA\PROXIES\A010_01201946_C127_Proxy.mp4,46.0
286,Black and DarkRed,E:\CLOUD FILM MEDIA\PROXIES\A010_01201947_C128_Proxy.mp4,0.333333
287,Black and DarkRed,E:\CLOUD FILM MEDIA\PROXIES\A010_01201947_C129_Proxy.mp4,9.708333
288,Black and DarkRed,E:\CLOUD FILM MEDIA\PROXIES\A010_01201948_C130_Proxy.mp4,82.75
289,Black and DarkRed,E:\CLOUD FILM MEDIA\PROXIES\A010_01201949_C131_Proxy.mp4,26.083333
290,Black and DarkRed,E:\CLOUD FILM MEDIA\PROXIES\A010_01201950_C132_Proxy.mp4,20.833333
291,Black and DarkRed,E:\CLOUD FILM MEDIA\PROXIES\A010_01201950_C133_Proxy.mp4,37.791667
292,Black and White,E:\CLOUD FILM MEDIA\PROXIES\A010_01201951_C134_Proxy.mp4,6.25
293,Black and White,E:\CLOUD FILM MEDIA\PROXIES\A010_01201951_C135_Proxy.mp4,34.416667
294,Black and DarkRed,E:\CLOUD FILM MEDIA\PROXIES\A010_01201951_C136_Proxy.mp4,8.041667
295,Black and DarkRed,E:\CLOUD FILM MEDIA\PROXIES\A010_01201952_C137_Proxy.mp4,41.708333
296,Black and DarkRed,E:\CLOUD FILM MEDIA\PROXIES\A010_01201952_C138_Proxy.mp4,31.708333
297,Black and DarkRed,E:\CLOUD FILM MEDIA\PROXIES\A010_01201953_C139_Proxy.mp4,78.875
298,Black and DarkRed,E:\CLOUD FILM MEDIA\PROXIES\A010_01201954_C140_Proxy.mp4,68.833333
299,Black and DarkRed,E:\CLOUD FILM MEDIA\PROXIES\A010_01201957_C141_Proxy.mp4,12.5
300,Black and DarkRed,E:\CLOUD FILM MEDIA\PROXIES\A010_01201957_C142_Proxy.mp4,7.0
301,Black and DarkRed,E:\CLOUD FILM MEDIA\PROXIES\A010_01201957_C143_Proxy.mp4,49.416667
302,Black,E:\CLOUD FILM MEDIA\PROXIES\A010_01201958_C144_Proxy.mp4,19.5
303,Black and DarkRed,E:\CLOUD FILM MEDIA\PROXIES\A010_01201959_C145_Proxy.mp4,10.583333
304,Black and DarkRed,E:\CLOUD FILM MEDIA\PROXIES\A010_01201959_C146_Proxy.mp4,7.916667
305,Black and DarkRed,E:\CLOUD FILM MEDIA\PROXIES\A010_01201959_C147_Proxy.mp4,7.833333
306,Black and DarkRed,E:\CLOUD FILM MEDIA\PROXIES\A010_01201959_C148_Proxy.mp4,21.041667
307,Black and White,E:\CLOUD FILM MEDIA\PROXIES\A010_01202000_C149_Proxy.mp4,27.208333
308,Black and DarkRed,E:\CLOUD FILM MEDIA\PROXIES\A010_01202001_C150_Proxy.mp4,4.5
309,Black and DarkRed,E:\CLOUD FILM MEDIA\PROXIES\A010_01202001_C151_Proxy.mp4,1.916667
310,Black and DarkRed,E:\CLOUD FILM MEDIA\PROXIES\A010_01202001_C152_Proxy.mp4,18.083333
311,Black and DarkRed,E:\CLOUD FILM MEDIA\PROXIES\A010_01202001_C153_Proxy.mp4,5.041667
312,Black,E:\CLOUD FILM MEDIA\PROXIES\A010_01202002_C154_Proxy.mp4,65.791667
313,Black and White,E:\CLOUD FILM MEDIA\PROXIES\A010_01202003_C155_Proxy.mp4,38.166667
314,Black and DarkRed,E:\CLOUD FILM MEDIA\PROXIES\A010_01202004_C156_Proxy.mp4,32.75
315,Gray and Pink,E:\CLOUD FILM MEDIA\PROXIES\A011_11301732_C001_Proxy.mp4,203.875
316,Gray and LightCoral,E:\CLOUD FILM MEDIA\PROXIES\A011_11301736_C002_Proxy.mp4,147.541667
317,Gray and LightCoral,E:\CLOUD FILM MEDIA\PROXIES\A011_11301737_C003_Proxy.mp4,152.25
318,Olive and Dolly,E:\CLOUD FILM MEDIA\PROXIES\A011_11301738_C004_Proxy.mp4,54.875
319,Gray and LightCoral,E:\CLOUD FILM MEDIA\PROXIES\A011_11301739_C005_Proxy.mp4,134.25
320,Gray and LightCoral,E:\CLOUD FILM MEDIA\PROXIES\A011_11301740_C006_Proxy.mp4,27.708333
321,Gray and LightCoral,E:\CLOUD FILM MEDIA\PROXIES\A011_11301740_C007_Proxy.mp4,29.541667
322,Gray and Rose,E:\CLOUD FILM MEDIA\PROXIES\A011_11301741_C008_Proxy.mp4,47.083333
323,Gray and White,E:\CLOUD FILM MEDIA\PROXIES\A011_11301742_C009_Proxy.mp4,148.083333
324,Navy and Olive,E:\CLOUD FILM MEDIA\PROXIES\A011_12010310_C018_Proxy.mp4,120.708333
325,Navy and Olive,E:\CLOUD FILM MEDIA\PROXIES\A011_12010312_C019_Proxy.mp4,123.833333
326,Navy and Green,E:\CLOUD FILM MEDIA\PROXIES\A011_12010314_C020_Proxy.mp4,112.583333
327,Navy and Olive,E:\CLOUD FILM MEDIA\PROXIES\A011_12010316_C021_Proxy.mp4,95.666667
328,Black and Navy,E:\CLOUD FILM MEDIA\PROXIES\A011_12010318_C022_Proxy.mp4,281.416667
329,Navy and Green,E:\CLOUD FILM MEDIA\PROXIES\A011_12010323_C023_Proxy.mp4,126.041667
330,Gray and Black,E:\CLOUD FILM MEDIA\PROXIES\A011_12010325_C024_Proxy.mp4,4.541667
331,Navy and Olive,E:\CLOUD FILM MEDIA\PROXIES\A011_12010326_C025_Proxy.mp4,18.333333
332,Navy and Green,E:\CLOUD FILM MEDIA\PROXIES\A011_12010326_C026_Proxy.mp4,26.625
333,Navy and Green,E:\CLOUD FILM MEDIA\PROXIES\A011_12010327_C027_Proxy.mp4,30.0
334,Navy and Green,E:\CLOUD FILM MEDIA\PROXIES\A011_12010328_C028_Proxy.mp4,21.875
335,Black and Navy,E:\CLOUD FILM MEDIA\PROXIES\A011_12010328_C029_Proxy.mp4,66.375
336,Black and Navy,E:\CLOUD FILM MEDIA\PROXIES\A011_12010330_C030_Proxy.mp4,27.75
337,Navy and Green,E:\CLOUD FILM MEDIA\PROXIES\A011_12010331_C031_Proxy.mp4,5.916667
338,Teal and DarkRed,E:\CLOUD FILM MEDIA\PROXIES\A011_12011513_C001_Proxy.mp4,12.416667
339,Black and Teal,E:\CLOUD FILM MEDIA\PROXIES\A011_12011514_C002_Proxy.mp4,10.25
340,Black and Teal,E:\CLOUD FILM MEDIA\PROXIES\A011_12011515_C003_Proxy.mp4,7.541667
341,Teal and DarkRed,E:\CLOUD FILM MEDIA\PROXIES\A011_12011515_C004_Proxy.mp4,6.916667
342,Teal and DarkRed,E:\CLOUD FILM MEDIA\PROXIES\A011_12011516_C005_Proxy.mp4,5.916667
343,Navy and Olive,E:\CLOUD FILM MEDIA\PROXIES\A011_12011516_C006_Proxy.mp4,4.083333
344,Gray and Black,E:\CLOUD FILM MEDIA\PROXIES\A011_12011516_C007_Proxy.mp4,2.0
345,Gray and Black,E:\CLOUD FILM MEDIA\PROXIES\A011_12011516_C008_Proxy.mp4,1.125
346,Gray and Black,E:\CLOUD FILM MEDIA\PROXIES\A011_12011516_C009_Proxy.mp4,1.166667
347,Teal and DarkRed,E:\CLOUD FILM MEDIA\PROXIES\A011_12011522_C010_Proxy.mp4,21.5
348,Black and Gray,E:\CLOUD FILM MEDIA\PROXIES\A011_12011522_C011_Proxy.mp4,6.041667
349,Gray and Black,E:\CLOUD FILM MEDIA\PROXIES\A011_12011522_C012_Proxy.mp4,9.0
350,Gray and Teal,E:\CLOUD FILM MEDIA\PROXIES\A011_12011523_C013_Proxy.mp4,9.75
351,Black and Gray,E:\CLOUD FILM MEDIA\PROXIES\A011_12011524_C014_Proxy.mp4,11.833333
352,Dolly and Pink,E:\CLOUD FILM MEDIA\PROXIES\A011_12011526_C015_Proxy.mp4,1.375
353,Dolly and Pink,E:\CLOUD FILM MEDIA\PROXIES\A011_12011526_C016_Proxy.mp4,5.416667
354,Dolly and Red,E:\CLOUD FILM MEDIA\PROXIES\A011_12011526_C017_Proxy.mp4,5.541667
355,Dolly and Black,E:\CLOUD FILM MEDIA\PROXIES\A011_12011527_C018_Proxy.mp4,2.666667
356,Dolly and Black,E:\CLOUD FILM MEDIA\PROXIES\A011_12011527_C019_Proxy.mp4,5.125
357,Dolly and Black,E:\CLOUD FILM MEDIA\PROXIES\A011_12011527_C020_Proxy.mp4,4.375
358,Dolly and Pink,E:\CLOUD FILM MEDIA\PROXIES\A011_12011527_C021_Proxy.mp4,4.708333
359,Dolly and LightCoral,E:\CLOUD FILM MEDIA\PROXIES\A011_12011527_C022_Proxy.mp4,3.708333
360,Dolly and Orange,E:\CLOUD FILM MEDIA\PROXIES\A011_12011528_C023_Proxy.mp4,5.208333
361,Dolly and Teal,E:\CLOUD FILM MEDIA\PROXIES\A011_12011528_C024_Proxy.mp4,2.458333
362,Gray and Rose,E:\CLOUD FILM MEDIA\PROXIES\A011_12011529_C025_Proxy.mp4,35.041667
363,Gray,E:\CLOUD FILM MEDIA\PROXIES\A011_12011530_C026_Proxy.mp4,16.791667
364,Gray and LightCoral,E:\CLOUD FILM MEDIA\PROXIES\A011_12011530_C027_Proxy.mp4,5.875
365,Gray and LightCoral,E:\CLOUD FILM MEDIA\PROXIES\A011_12011531_C028_Proxy.mp4,63.791667
366,Gray and Teal,E:\CLOUD FILM MEDIA\PROXIES\A011_12011555_C029_Proxy.mp4,7.125
367,Gray and Teal,E:\CLOUD FILM MEDIA\PROXIES\A011_12011555_C030_Proxy.mp4,10.5
368,Gray and LightCoral,E:\CLOUD FILM MEDIA\PROXIES\A011_12011555_C031_Proxy.mp4,7.166667
369,Gray and LightCoral,E:\CLOUD FILM MEDIA\PROXIES\A011_12011556_C032_Proxy.mp4,8.208333
370,Teal and DarkRed,E:\CLOUD FILM MEDIA\PROXIES\A011_12011556_C033_Proxy.mp4,5.916667
371,Gray and Teal,E:\CLOUD FILM MEDIA\PROXIES\A011_12011556_C034_Proxy.mp4,13.125
372,Gray and Teal,E:\CLOUD FILM MEDIA\PROXIES\A011_12011557_C035_Proxy.mp4,11.625
373,Teal and DarkRed,E:\CLOUD FILM MEDIA\PROXIES\A011_12011557_C036_Proxy.mp4,16.208333
374,Gray and White,E:\CLOUD FILM MEDIA\PROXIES\A012_10261444_C001_Proxy.mp4,105.958333
375,Pink and MintGreen,E:\CLOUD FILM MEDIA\PROXIES\A012_10261447_C002_Proxy.mp4,99.583333
376,Gray and White,E:\CLOUD FILM MEDIA\PROXIES\A012_10261449_C003_Proxy.mp4,16.0
377,LightCoral and Anakiwa,E:\CLOUD FILM MEDIA\PROXIES\A012_10261449_C004_Proxy.mp4,42.958333
378,Gray and White,E:\CLOUD FILM MEDIA\PROXIES\A012_10261451_C005_Proxy.mp4,28.958333
379,Gray and White,E:\CLOUD FILM MEDIA\PROXIES\A012_10261452_C006_Proxy.mp4,31.0
380,Gray and White,E:\CLOUD FILM MEDIA\PROXIES\A012_10261453_C007_Proxy.mp4,18.625
381,Gray and White,E:\CLOUD FILM MEDIA\PROXIES\A012_10261453_C008_Proxy.mp4,31.041667
382,Gray and White,E:\CLOUD FILM MEDIA\PROXIES\A012_10261454_C009_Proxy.mp4,24.708333
383,Gray and White,E:\CLOUD FILM MEDIA\PROXIES\A012_10261454_C010_Proxy.mp4,36.583333
384,Gray and LightCoral,E:\CLOUD FILM MEDIA\PROXIES\A012_10261458_C011_Proxy.mp4,37.75
385,Gray and Black,E:\CLOUD FILM MEDIA\PROXIES\A012_10261504_C012_Proxy.mp4,32.333333
386,Gray and Teal,E:\CLOUD FILM MEDIA\PROXIES\A012_10261505_C013_Proxy.mp4,10.083333
387,Gray and Green,E:\CLOUD FILM MEDIA\PROXIES\A012_10261505_C014_Proxy.mp4,70.875
388,Gray and Green,E:\CLOUD FILM MEDIA\PROXIES\A012_10261507_C015_Proxy.mp4,72.083333
389,Gray and Teal,E:\CLOUD FILM MEDIA\PROXIES\A012_10261511_C016_Proxy.mp4,28.541667
390,Gray and Teal,E:\CLOUD FILM MEDIA\PROXIES\A012_10261511_C017_Proxy.mp4,35.75
391,Teal and Purple,E:\CLOUD FILM MEDIA\PROXIES\A012_10261513_C018_Proxy.mp4,49.875
392,Gray and LightCoral,E:\CLOUD FILM MEDIA\PROXIES\A012_10261516_C019_Proxy.mp4,7.208333
393,Gray and White,E:\CLOUD FILM MEDIA\PROXIES\A012_10261529_C020_Proxy.mp4,15.291667
394,Teal and Malibu,E:\CLOUD FILM MEDIA\PROXIES\A012_10261529_C021_Proxy.mp4,8.5
395,Gray and Pink,E:\CLOUD FILM MEDIA\PROXIES\A012_10261530_C022_Proxy.mp4,59.375
396,Gray and White,E:\CLOUD FILM MEDIA\PROXIES\A012_10261532_C023_Proxy.mp4,16.916667
397,LightCoral,E:\CLOUD FILM MEDIA\PROXIES\A012_11291815_C024_Proxy.mp4,18.166667
398,White,E:\CLOUD FILM MEDIA\PROXIES\A012_11291815_C025_Proxy.mp4,108.5
399,Teal and DarkRed,E:\CLOUD FILM MEDIA\PROXIES\A012_11291817_C026_Proxy.mp4,13.625
400,Gray,E:\CLOUD FILM MEDIA\PROXIES\A012_11291819_C027_Proxy.mp4,21.916667
401,Gray and Teal,E:\CLOUD FILM MEDIA\PROXIES\A012_11291819_C028_Proxy.mp4,21.916667
402,Gray and Teal,E:\CLOUD FILM MEDIA\PROXIES\A012_11291820_C029_Proxy.mp4,10.166667
403,Teal and DarkRed,E:\CLOUD FILM MEDIA\PROXIES\A012_11291820_C030_Proxy.mp4,20.166667
404,Gray and Teal,E:\CLOUD FILM MEDIA\PROXIES\A012_11291820_C031_Proxy.mp4,10.458333
405,Gray and Teal,E:\CLOUD FILM MEDIA\PROXIES\A012_11291822_C032_Proxy.mp4,48.75
406,Gray and Anakiwa,E:\CLOUD FILM MEDIA\PROXIES\A012_11291823_C033_Proxy.mp4,147.666667
407,Gray and Teal,E:\CLOUD FILM MEDIA\PROXIES\A012_11291848_C034_Proxy.mp4,32.833333
408,LightCoral and Anakiwa,E:\CLOUD FILM MEDIA\PROXIES\A012_11291937_C035_Proxy.mp4,70.208333
409,Teal and DarkRed,E:\CLOUD FILM MEDIA\PROXIES\A012_11291941_C036_Proxy.mp4,9.708333
410,Gray and Navy,E:\CLOUD FILM MEDIA\PROXIES\A012_11291941_C037_Proxy.mp4,4.458333
411,Teal and DarkRed,E:\CLOUD FILM MEDIA\PROXIES\A012_11291942_C038_Proxy.mp4,3.833333
412,Teal and DarkRed,E:\CLOUD FILM MEDIA\PROXIES\A012_11291942_C039_Proxy.mp4,30.25
413,Gray and Navy,E:\CLOUD FILM MEDIA\PROXIES\A012_11291942_C040_Proxy.mp4,99.708333
414,Black and Gray,E:\CLOUD FILM MEDIA\PROXIES\A012_11291944_C041_Proxy.mp4,13.291667
415,Teal and DarkRed,E:\CLOUD FILM MEDIA\PROXIES\A012_11291944_C042_Proxy.mp4,7.083333
416,Teal and DarkRed,E:\CLOUD FILM MEDIA\PROXIES\A012_11291945_C043_Proxy.mp4,30.958333
417,Teal and DarkRed,E:\CLOUD FILM MEDIA\PROXIES\A012_11291945_C044_Proxy.mp4,2.708333
418,Gray and Navy,E:\CLOUD FILM MEDIA\PROXIES\A012_11291946_C045_Proxy.mp4,18.791667
419,Gray and Black,E:\CLOUD FILM MEDIA\PROXIES\A012_11291946_C046_Proxy.mp4,13.583333
420,Gray and Teal,E:\CLOUD FILM MEDIA\PROXIES\A012_11291946_C047_Proxy.mp4,27.791667
421,Gray and Navy,E:\CLOUD FILM MEDIA\PROXIES\A012_11291947_C048_Proxy.mp4,1.0
422,Gray and Navy,E:\CLOUD FILM MEDIA\PROXIES\A012_11291947_C049_Proxy.mp4,4.0
423,Gray and Black,E:\CLOUD FILM MEDIA\PROXIES\A012_11291947_C050_Proxy.mp4,35.541667
424,Dolly and Pink,E:\CLOUD FILM MEDIA\PROXIES\A012_11291951_C051_Proxy.mp4,22.208333
425,LightCoral and Anakiwa,E:\CLOUD FILM MEDIA\PROXIES\A012_11291952_C052_Proxy.mp4,4.0
426,Gray and Teal,E:\CLOUD FILM MEDIA\PROXIES\A012_11291952_C053_Proxy.mp4,21.625
427,White and Gray,E:\CLOUD FILM MEDIA\PROXIES\A012_11291952_C054_Proxy.mp4,9.166667
428,Teal and Black,E:\CLOUD FILM MEDIA\PROXIES\A012_11291953_C055_Proxy.mp4,29.125
429,White and Dolly,E:\CLOUD FILM MEDIA\PROXIES\A012_11291954_C056_Proxy.mp4,6.666667
430,Gray and Teal,E:\CLOUD FILM MEDIA\PROXIES\A012_11291954_C057_Proxy.mp4,9.0
431,Teal and DarkRed,E:\CLOUD FILM MEDIA\PROXIES\A012_11291955_C058_Proxy.mp4,6.916667
432,Gray and Teal,E:\CLOUD FILM MEDIA\PROXIES\A012_11291955_C059_Proxy.mp4,10.041667
433,Teal and DarkRed,E:\CLOUD FILM MEDIA\PROXIES\A012_11291956_C060_Proxy.mp4,8.041667
434,Teal and DarkRed,E:\CLOUD FILM MEDIA\PROXIES\A012_11291956_C061_Proxy.mp4,4.583333
435,Gray and Black,E:\CLOUD FILM MEDIA\PROXIES\A012_11291956_C062_Proxy.mp4,5.208333
436,Gray and Black,E:\CLOUD FILM MEDIA\PROXIES\A012_11291956_C063_Proxy.mp4,3.708333
437,Teal and DarkRed,E:\CLOUD FILM MEDIA\PROXIES\A012_11291956_C064_Proxy.mp4,4.5
438,White and Gray,E:\CLOUD FILM MEDIA\PROXIES\A012_11291957_C065_Proxy.mp4,22.708333
439,White and Dolly,E:\CLOUD FILM MEDIA\PROXIES\A012_11291957_C066_Proxy.mp4,12.333333
440,White and Dolly,E:\CLOUD FILM MEDIA\PROXIES\A012_11291958_C067_Proxy.mp4,21.416667
441,Dolly and Malibu,E:\CLOUD FILM MEDIA\PROXIES\A012_11291958_C068_Proxy.mp4,15.041667
442,White and Dolly,E:\CLOUD FILM MEDIA\PROXIES\A012_11292000_C069_Proxy.mp4,15.791667
443,LightCoral and Anakiwa,E:\CLOUD FILM MEDIA\PROXIES\A012_11292001_C070_Proxy.mp4,72.0
444,Teal and Dolly,E:\CLOUD FILM MEDIA\PROXIES\A012_11292002_C071_Proxy.mp4,12.208333
445,Teal and DarkRed,E:\CLOUD FILM MEDIA\PROXIES\A012_11292005_C072_Proxy.mp4,45.375
446,Teal and Purple,E:\CLOUD FILM MEDIA\PROXIES\A012_11292006_C073_Proxy.mp4,28.541667
447,Gray and LightCoral,E:\CLOUD FILM MEDIA\PROXIES\A012_11292009_C074_Proxy.mp4,169.458333
448,LightCoral and Anakiwa,E:\CLOUD FILM MEDIA\PROXIES\A012_11292012_C075_Proxy.mp4,6.291667
449,Gray and Dolly,E:\CLOUD FILM MEDIA\PROXIES\A012_11292012_C076_Proxy.mp4,6.666667
450,Gray and White,E:\CLOUD FILM MEDIA\PROXIES\A012_11292012_C077_Proxy.mp4,12.166667
451,Gray and LightCoral,E:\CLOUD FILM MEDIA\PROXIES\A012_11292015_C078_Proxy.mp4,12.416667
452,Gray,E:\CLOUD FILM MEDIA\PROXIES\A012_11292015_C079_Proxy.mp4,6.791667
453,Gray and Navy,E:\CLOUD FILM MEDIA\PROXIES\A012_11292015_C080_Proxy.mp4,17.625
454,Gray and Rose,E:\CLOUD FILM MEDIA\PROXIES\A012_11292016_C081_Proxy.mp4,3.958333
455,Teal and Black,E:\CLOUD FILM MEDIA\PROXIES\A012_11292016_C082_Proxy.mp4,22.791667
456,Gray and Black,E:\CLOUD FILM MEDIA\PROXIES\A012_11292018_C083_Proxy.mp4,3.708333
457,Black and DarkRed,E:\CLOUD FILM MEDIA\PROXIES\A012_11292019_C084_Proxy.mp4,36.0
458,Gray,E:\CLOUD FILM MEDIA\PROXIES\A012_11292020_C085_Proxy.mp4,25.291667
459,Gray,E:\CLOUD FILM MEDIA\PROXIES\A012_11292020_C086_Proxy.mp4,10.458333
460,Gray and Teal,E:\CLOUD FILM MEDIA\PROXIES\A012_11292042_C087_Proxy.mp4,38.125
461,Gray and Teal,E:\CLOUD FILM MEDIA\PROXIES\A012_11292043_C088_Proxy.mp4,26.083333
462,Gray and Navy,E:\CLOUD FILM MEDIA\PROXIES\A012_11292044_C089_Proxy.mp4,75.791667
463,Gray and Dolly,E:\CLOUD FILM MEDIA\PROXIES\A012_11292047_C090_Proxy.mp4,134.125
464,Gray and Black,E:\CLOUD FILM MEDIA\PROXIES\A012_11292126_C091_Proxy.mp4,6.541667
465,Teal and Gray,E:\CLOUD FILM MEDIA\PROXIES\A012_11292126_C092_Proxy.mp4,4.208333
466,Teal,E:\CLOUD FILM MEDIA\PROXIES\A012_11292126_C093_Proxy.mp4,6.125
467,Gray and Black,E:\CLOUD FILM MEDIA\PROXIES\A012_11292127_C094_Proxy.mp4,5.875
468,Dolly and Malibu,E:\CLOUD FILM MEDIA\PROXIES\A012_11292127_C095_Proxy.mp4,4.291667
469,Dolly and Malibu,E:\CLOUD FILM MEDIA\PROXIES\A012_11292245_C096_Proxy.mp4,30.416667
470,Dolly and Malibu,E:\CLOUD FILM MEDIA\PROXIES\A012_11292253_C097_Proxy.mp4,12.666667
471,Dolly and Malibu,E:\CLOUD FILM MEDIA\PROXIES\A012_11292254_C098_Proxy.mp4,9.041667
472,Dolly and DeepSkyBlue,E:\CLOUD FILM MEDIA\PROXIES\A012_11292254_C099_Proxy.mp4,7.958333
473,Gray and Teal,E:\CLOUD FILM MEDIA\PROXIES\A012_11292259_C100_Proxy.mp4,4.75
474,Gray and Black,E:\CLOUD FILM MEDIA\PROXIES\A012_11292259_C101_Proxy.mp4,8.958333
475,LightCoral and Anakiwa,E:\CLOUD FILM MEDIA\PROXIES\A012_11292306_C102_Proxy.mp4,213.208333
476,Gray and Teal,E:\CLOUD FILM MEDIA\PROXIES\A012_11292326_C103_Proxy.mp4,29.833333
477,Teal and DarkRed,E:\CLOUD FILM MEDIA\PROXIES\A012_11292326_C104_Proxy.mp4,40.291667
478,Teal and DarkRed,E:\CLOUD FILM MEDIA\PROXIES\A012_11292328_C105_Proxy.mp4,19.375
479,Gray and Black,E:\CLOUD FILM MEDIA\PROXIES\A012_11301457_C106_Proxy.mp4,788.458333
480,Gray and Black,E:\CLOUD FILM MEDIA\PROXIES\A012_11301511_C107_Proxy.mp4,257.25
481,Gray and Black,E:\CLOUD FILM MEDIA\PROXIES\A012_11301518_C108_Proxy.mp4,188.75
482,Gray and Teal,E:\CLOUD FILM MEDIA\PROXIES\A012_11301521_C109_Proxy.mp4,7.791667
483,Gray and Black,E:\CLOUD FILM MEDIA\PROXIES\A012_11301522_C110_Proxy.mp4,59.833333
484,Gray and Black,E:\CLOUD FILM MEDIA\PROXIES\A012_11301537_C111_Proxy.mp4,189.208333
485,Gray and Black,E:\CLOUD FILM MEDIA\PROXIES\A012_11301542_C112_Proxy.mp4,3.833333
486,Gray,E:\CLOUD FILM MEDIA\PROXIES\A012_11301543_C113_Proxy.mp4,26.25
487,Gray,E:\CLOUD FILM MEDIA\PROXIES\A012_11301543_C114_Proxy.mp4,5.5
488,Gray,E:\CLOUD FILM MEDIA\PROXIES\A012_11301544_C115_Proxy.mp4,189.666667
489,Gray,E:\CLOUD FILM MEDIA\PROXIES\A012_11301547_C116_Proxy.mp4,7.416667
490,LightCoral and MintGreen,E:\CLOUD FILM MEDIA\PROXIES\A012_11301548_C117_Proxy.mp4,8.125
491,MintGreen and Pink,E:\CLOUD FILM MEDIA\PROXIES\A012_11301548_C118_Proxy.mp4,17.375
492,Gray and White,E:\CLOUD FILM MEDIA\PROXIES\A012_11301549_C119_Proxy.mp4,7.291667
493,Gray and Malibu,E:\CLOUD FILM MEDIA\PROXIES\A012_11301549_C120_Proxy.mp4,28.5
494,Dolly and Malibu,E:\CLOUD FILM MEDIA\PROXIES\A012_11301550_C121_Proxy.mp4,14.041667
495,Gray,E:\CLOUD FILM MEDIA\PROXIES\A012_11301604_C122_Proxy.mp4,6.458333
496,Gray and Teal,E:\CLOUD FILM MEDIA\PROXIES\A012_11301604_C123_Proxy.mp4,78.708333
497,Gray,E:\CLOUD FILM MEDIA\PROXIES\A012_11301606_C124_Proxy.mp4,13.125
498,Teal and DarkRed,E:\CLOUD FILM MEDIA\PROXIES\A012_11301606_C125_Proxy.mp4,25.458333
499,Gray and Black,E:\CLOUD FILM MEDIA\PROXIES\A012_11301607_C126_Proxy.mp4,31.5
500,Gray and Black,E:\CLOUD FILM MEDIA\PROXIES\A012_11301607_C127_Proxy.mp4,323.833333
501,Gray and Black,E:\CLOUD FILM MEDIA\PROXIES\A012_11301613_C128_Proxy.mp4,10.666667
502,Dolly and Malibu,E:\CLOUD FILM MEDIA\PROXIES\A012_11301613_C129_Proxy.mp4,1.166667
503,Gray and Dolly,E:\CLOUD FILM MEDIA\PROXIES\A012_11301613_C130_Proxy.mp4,8.666667
504,Gray,E:\CLOUD FILM MEDIA\PROXIES\A012_11301613_C131_Proxy.mp4,8.708333
505,Gray and Black,E:\CLOUD FILM MEDIA\PROXIES\A012_11301614_C132_Proxy.mp4,96.0
506,Gray and Black,E:\CLOUD FILM MEDIA\PROXIES\A012_11301615_C133_Proxy.mp4,21.125
507,Gray and Black,E:\CLOUD FILM MEDIA\PROXIES\A012_11301616_C134_Proxy.mp4,23.958333
508,Gray and Black,E:\CLOUD FILM MEDIA\PROXIES\A012_11301616_C135_Proxy.mp4,1.541667
509,Gray and Black,E:\CLOUD FILM MEDIA\PROXIES\A012_11301616_C136_Proxy.mp4,61.541667
510,White and Gray,E:\CLOUD FILM MEDIA\PROXIES\A012_11301618_C137_Proxy.mp4,4.625
511,Gray and White,E:\CLOUD FILM MEDIA\PROXIES\A012_11301619_C138_Proxy.mp4,4.75
512,Gray,E:\CLOUD FILM MEDIA\PROXIES\A012_11301619_C139_Proxy.mp4,3.875
513,Gray and White,E:\CLOUD FILM MEDIA\PROXIES\A012_11301619_C140_Proxy.mp4,4.916667
514,Gray and Olive,E:\CLOUD FILM MEDIA\PROXIES\A012_11301619_C141_Proxy.mp4,8.833333
515,Gray and Olive,E:\CLOUD FILM MEDIA\PROXIES\A012_11301620_C142_Proxy.mp4,10.458333
516,Gray and Olive,E:\CLOUD FILM MEDIA\PROXIES\A012_11301620_C143_Proxy.mp4,6.958333
517,Gray and Black,E:\CLOUD FILM MEDIA\PROXIES\A012_11301621_C144_Proxy.mp4,1.541667
518,Gray and Black,E:\CLOUD FILM MEDIA\PROXIES\A012_11301621_C145_Proxy.mp4,11.291667
519,Gray and Anakiwa,E:\CLOUD FILM MEDIA\PROXIES\A012_11301621_C146_Proxy.mp4,6.125
520,Gray and Chartreuse,E:\CLOUD FILM MEDIA\PROXIES\A012_11301622_C147_Proxy.mp4,4.875
521,Gray and Black,E:\CLOUD FILM MEDIA\PROXIES\A012_11301624_C148_Proxy.mp4,29.458333
522,Gray and LightCoral,E:\CLOUD FILM MEDIA\PROXIES\A030_02010126_C001_Proxy.mp4,9.958333
523,Gray and Black,E:\CLOUD FILM MEDIA\PROXIES\A030_02010126_C002_Proxy.mp4,12.75
524,Gray and Navy,E:\CLOUD FILM MEDIA\PROXIES\A030_02010127_C003_Proxy.mp4,3.583333
525,Gray and Black,E:\CLOUD FILM MEDIA\PROXIES\A030_02010127_C004_Proxy.mp4,6.583333
526,Navy and Olive,E:\CLOUD FILM MEDIA\PROXIES\A030_02010127_C005_Proxy.mp4,15.041667
527,Gray and Teal,E:\CLOUD FILM MEDIA\PROXIES\A030_02010128_C006_Proxy.mp4,13.291667
528,Gray and LightCoral,E:\CLOUD FILM MEDIA\PROXIES\A030_02010128_C007_Proxy.mp4,9.625
529,Gray and LightCoral,E:\CLOUD FILM MEDIA\PROXIES\A030_02010128_C008_Proxy.mp4,12.875
530,Gray and Teal,E:\CLOUD FILM MEDIA\PROXIES\A030_02010129_C009_Proxy.mp4,12.791667
531,Gray and LightCoral,E:\CLOUD FILM MEDIA\PROXIES\A030_02010129_C010_Proxy.mp4,4.166667
532,Gray and Teal,E:\CLOUD FILM MEDIA\PROXIES\A030_02010129_C011_Proxy.mp4,15.416667
533,Gray and Navy,E:\CLOUD FILM MEDIA\PROXIES\A030_02010130_C012_Proxy.mp4,14.416667
534,Gray and Navy,E:\CLOUD FILM MEDIA\PROXIES\A030_02010130_C013_Proxy.mp4,14.125
535,Gray and Teal,E:\CLOUD FILM MEDIA\PROXIES\A030_02010131_C014_Proxy.mp4,12.125
536,Teal and Purple,E:\CLOUD FILM MEDIA\PROXIES\A030_02010131_C015_Proxy.mp4,11.708333
537,Teal and Purple,E:\CLOUD FILM MEDIA\PROXIES\A030_02010131_C016_Proxy.mp4,10.541667
538,Gray and LightCoral,E:\CLOUD FILM MEDIA\PROXIES\A030_02010132_C017_Proxy.mp4,6.25
539,Gray and LightCoral,E:\CLOUD FILM MEDIA\PROXIES\A030_02010132_C018_Proxy.mp4,6.416667
540,Gray and Teal,E:\CLOUD FILM MEDIA\PROXIES\A030_02010212_C019_Proxy.mp4,44.708333
541,Gray and Teal,E:\CLOUD FILM MEDIA\PROXIES\A030_02010213_C020_Proxy.mp4,26.916667
542,Gray and Teal,E:\CLOUD FILM MEDIA\PROXIES\A030_02010214_C021_Proxy.mp4,20.125
543,Gray and Teal,E:\CLOUD FILM MEDIA\PROXIES\A030_02010215_C022_Proxy.mp4,17.041667
544,Teal and LightCoral,E:\CLOUD FILM MEDIA\PROXIES\A030_02010215_C023_Proxy.mp4,12.666667
545,Gray and Teal,E:\CLOUD FILM MEDIA\PROXIES\A030_02010215_C024_Proxy.mp4,10.541667
546,Gray and LightCoral,E:\CLOUD FILM MEDIA\PROXIES\A030_02010216_C025_Proxy.mp4,19.416667
547,Teal and Gray,E:\CLOUD FILM MEDIA\PROXIES\A030_02010216_C026_Proxy.mp4,4.458333
548,Teal and Gray,E:\CLOUD FILM MEDIA\PROXIES\A030_02010216_C027_Proxy.mp4,52.375
549,Gray and LightCoral,E:\CLOUD FILM MEDIA\PROXIES\A030_02010218_C028_Proxy.mp4,20.0
550,Gray and LightCoral,E:\CLOUD FILM MEDIA\PROXIES\A030_02010218_C029_Proxy.mp4,33.708333
551,Gray and LightCoral,E:\CLOUD FILM MEDIA\PROXIES\A030_02010219_C030_Proxy.mp4,81.583333
552,Gray and Pink,E:\CLOUD FILM MEDIA\PROXIES\A030_02010238_C031_Proxy.mp4,23.291667
553,Teal and Green,E:\CLOUD FILM MEDIA\PROXIES\A030_02010239_C032_Proxy.mp4,26.958333
554,LightCoral and Teal,E:\CLOUD FILM MEDIA\PROXIES\A030_02010241_C033_Proxy.mp4,4.375
555,LightCoral and Teal,E:\CLOUD FILM MEDIA\PROXIES\A030_02010241_C034_Proxy.mp4,21.458333
556,LightCoral and Teal,E:\CLOUD FILM MEDIA\PROXIES\A030_02010242_C035_Proxy.mp4,13.583333
557,LightCoral and Gray,E:\CLOUD FILM MEDIA\PROXIES\A030_02010242_C036_Proxy.mp4,10.083333
558,Teal and Olive,E:\CLOUD FILM MEDIA\PROXIES\A030_02010246_C037_Proxy.mp4,6.5
559,Teal and Olive,E:\CLOUD FILM MEDIA\PROXIES\A030_02010246_C038_Proxy.mp4,62.416667
560,Gray and Teal,E:\CLOUD FILM MEDIA\PROXIES\A030_02010249_C039_Proxy.mp4,7.458333
561,Gray and Teal,E:\CLOUD FILM MEDIA\PROXIES\A030_02010250_C040_Proxy.mp4,43.083333
562,Teal and Black,E:\CLOUD FILM MEDIA\PROXIES\A030_02010251_C041_Proxy.mp4,29.0
563,Teal and DarkRed,E:\CLOUD FILM MEDIA\PROXIES\A030_02010252_C042_Proxy.mp4,6.041667
564,Gray and Teal,E:\CLOUD FILM MEDIA\PROXIES\A030_02010252_C043_Proxy.mp4,8.166667
565,Teal and Green,E:\CLOUD FILM MEDIA\PROXIES\A030_02010252_C044_Proxy.mp4,26.791667
566,Teal and Green,E:\CLOUD FILM MEDIA\PROXIES\A030_02010253_C045_Proxy.mp4,35.208333
567,Gray and Teal,E:\CLOUD FILM MEDIA\PROXIES\A030_02010253_C046_Proxy.mp4,46.833333
568,Gray and Teal,E:\CLOUD FILM MEDIA\PROXIES\A030_02010254_C047_Proxy.mp4,16.958333
569,Gray and LightCoral,E:\CLOUD FILM MEDIA\PROXIES\A030_02010309_C048_Proxy.mp4,30.291667
570,Gray and LightCoral,E:\CLOUD FILM MEDIA\PROXIES\A030_02010310_C049_Proxy.mp4,12.291667
571,Gray and Teal,E:\CLOUD FILM MEDIA\PROXIES\A030_02010311_C050_Proxy.mp4,13.833333
572,Gray and Black,E:\CLOUD FILM MEDIA\PROXIES\A030_02010418_C051_Proxy.mp4,1550.0
573,Teal and DarkRed,E:\CLOUD FILM MEDIA\PROXIES\A030_02010445_C052_Proxy.mp4,68.083333
574,Gray and Teal,E:\CLOUD FILM MEDIA\PROXIES\A030_02010446_C053_Proxy.mp4,13.958333
575,LightCoral and MintGreen,E:\CLOUD FILM MEDIA\PROXIES\A030_02010446_C054_Proxy.mp4,39.333333
576,Teal and Gray,E:\CLOUD FILM MEDIA\PROXIES\A030_02010447_C055_Proxy.mp4,3.791667
577,Teal and DarkRed,E:\CLOUD FILM MEDIA\PROXIES\A030_02010447_C056_Proxy.mp4,13.5
578,Gray and LightCoral,E:\CLOUD FILM MEDIA\PROXIES\A030_02010448_C057_Proxy.mp4,21.833333
579,Black and Teal,E:\CLOUD FILM MEDIA\PROXIES\A030_02010448_C058_Proxy.mp4,10.083333
580,Black and Teal,E:\CLOUD FILM MEDIA\PROXIES\A030_02010448_C059_Proxy.mp4,15.083333
581,Gray and Teal,E:\CLOUD FILM MEDIA\PROXIES\A030_02010503_C060_Proxy.mp4,8.083333
582,Teal and DarkRed,E:\CLOUD FILM MEDIA\PROXIES\A030_02010503_C061_Proxy.mp4,6.875
583,Green and Navy,E:\CLOUD FILM MEDIA\PROXIES\A030_02010503_C062_Proxy.mp4,5.916667
584,Teal and Olive,E:\CLOUD FILM MEDIA\PROXIES\A030_02010503_C063_Proxy.mp4,2.083333
585,Teal and DarkRed,E:\CLOUD FILM MEDIA\PROXIES\A030_02010503_C064_Proxy.mp4,17.666667
586,Green and Navy,E:\CLOUD FILM MEDIA\PROXIES\A030_02010533_C065_Proxy.mp4,5.083333
587,Teal and LightCoral,E:\CLOUD FILM MEDIA\PROXIES\A030_02010533_C066_Proxy.mp4,92.25
588,Black and DarkRed,E:\CLOUD FILM MEDIA\PROXIES\A030_02010533_C067_Proxy.mp4,25.208333
589,Black and Green,E:\CLOUD FILM MEDIA\PROXIES\A030_02010534_C068_Proxy.mp4,124.291667
590,Teal and Green,E:\CLOUD FILM MEDIA\PROXIES\A030_02010538_C069_Proxy.mp4,40.333333
591,Teal and DarkRed,E:\CLOUD FILM MEDIA\PROXIES\A030_02010539_C070_Proxy.mp4,129.0
592,Black and Teal,E:\CLOUD FILM MEDIA\PROXIES\A030_02010540_C071_Proxy.mp4,71.5
593,Green and Navy,E:\CLOUD FILM MEDIA\PROXIES\A030_02010633_C072_Proxy.mp4,8.125
594,Green and Navy,E:\CLOUD FILM MEDIA\PROXIES\A030_02010633_C073_Proxy.mp4,14.291667
595,Green and Navy,E:\CLOUD FILM MEDIA\PROXIES\A030_02010633_C074_Proxy.mp4,53.458333
596,Teal and Green,E:\CLOUD FILM MEDIA\PROXIES\A030_02010634_C075_Proxy.mp4,81.666667
597,Gray and Teal,E:\CLOUD FILM MEDIA\PROXIES\A030_02010637_C076_Proxy.mp4,27.458333
598,Rose and Cyan,E:\CLOUD FILM MEDIA\PROXIES\A030_02010709_C077_Proxy.mp4,17.458333
599,Teal and White,E:\CLOUD FILM MEDIA\PROXIES\A030_02010710_C078_Proxy.mp4,109.208333
600,Gray and Teal,E:\CLOUD FILM MEDIA\PROXIES\A030_02010712_C079_Proxy.mp4,42.458333
601,Gray and Teal,E:\CLOUD FILM MEDIA\PROXIES\A030_02010714_C080_Proxy.mp4,125.375
602,Gray and LightCoral,E:\CLOUD FILM MEDIA\PROXIES\A030_02010718_C081_Proxy.mp4,63.041667
603,Teal and Purple,E:\CLOUD FILM MEDIA\PROXIES\A030_02010719_C082_Proxy.mp4,203.875
604,Dolly and Malibu,E:\CLOUD FILM MEDIA\PROXIES\A030_02010722_C083_Proxy.mp4,2.5
605,Teal and White,E:\CLOUD FILM MEDIA\PROXIES\A030_02010723_C084_Proxy.mp4,1.875
606,White and Gray,E:\CLOUD FILM MEDIA\PROXIES\A030_02010723_C085_Proxy.mp4,20.0
607,Teal and LightCoral,E:\CLOUD FILM MEDIA\PROXIES\A030_02010723_C086_Proxy.mp4,26.25
608,Gray and White,E:\CLOUD FILM MEDIA\PROXIES\A030_02010724_C087_Proxy.mp4,14.666667
609,LightCoral and SpringGreen,E:\CLOUD FILM MEDIA\PROXIES\A030_02010725_C088_Proxy.mp4,35.5
610,Gray and Green,E:\CLOUD FILM MEDIA\PROXIES\A030_02010725_C089_Proxy.mp4,18.916667
611,Gray and Green,E:\CLOUD FILM MEDIA\PROXIES\A030_02010726_C090_Proxy.mp4,2.625
612,Gray and Olive,E:\CLOUD FILM MEDIA\PROXIES\A030_02010726_C091_Proxy.mp4,1.666667
613,Dolly and Teal,E:\CLOUD FILM MEDIA\PROXIES\A030_02010756_C092_Proxy.mp4,11.916667
614,LightCoral and SpringGreen,E:\CLOUD FILM MEDIA\PROXIES\A030_02010757_C093_Proxy.mp4,8.125
615,Dolly and DeepSkyBlue,E:\CLOUD FILM MEDIA\PROXIES\A030_02010758_C094_Proxy.mp4,5.583333
616,LightCoral and Cyan,E:\CLOUD FILM MEDIA\PROXIES\A030_02010758_C095_Proxy.mp4,10.666667
617,Teal and LightCoral,E:\CLOUD FILM MEDIA\PROXIES\A030_02010758_C096_Proxy.mp4,7.0
618,Teal and Olive,E:\CLOUD FILM MEDIA\PROXIES\A030_02010758_C097_Proxy.mp4,7.041667
619,Black and Teal,E:\CLOUD FILM MEDIA\PROXIES\A030_02010759_C098_Proxy.mp4,13.25
620,Dolly and Teal,E:\CLOUD FILM MEDIA\PROXIES\A030_02010912_C099_Proxy.mp4,5.166667
621,LightCoral and MintGreen,E:\CLOUD FILM MEDIA\PROXIES\A030_02010912_C100_Proxy.mp4,14.875
622,Dolly and Teal,E:\CLOUD FILM MEDIA\PROXIES\A030_02010913_C101_Proxy.mp4,11.291667
623,Black and Olive,E:\CLOUD FILM MEDIA\PROXIES\A030_02010926_C102_Proxy.mp4,25.75
624,Dolly and Orange,E:\CLOUD FILM MEDIA\PROXIES\A030_02010927_C103_Proxy.mp4,21.541667
625,Gray and Green,E:\CLOUD FILM MEDIA\PROXIES\A030_02010927_C104_Proxy.mp4,7.375
626,Teal and Olive,E:\CLOUD FILM MEDIA\PROXIES\A030_02010927_C105_Proxy.mp4,16.75
627,Gray and LightCoral,E:\CLOUD FILM MEDIA\PROXIES\A030_02010930_C106_Proxy.mp4,32.5
628,Gray and Green,E:\CLOUD FILM MEDIA\PROXIES\A030_02010931_C107_Proxy.mp4,37.583333
629,Teal and DarkRed,E:\CLOUD FILM MEDIA\PROXIES\A030_02010932_C108_Proxy.mp4,44.375
630,White and Dolly,E:\CLOUD FILM MEDIA\PROXIES\A030_02010932_C109_Proxy.mp4,40.416667
631,Gray and Black,E:\CLOUD FILM MEDIA\PROXIES\A030_02010934_C110_Proxy.mp4,11.0
632,Gray and Black,E:\CLOUD FILM MEDIA\PROXIES\A030_02010934_C111_Proxy.mp4,49.625
633,Navy and Olive,E:\CLOUD FILM MEDIA\PROXIES\A030_02010935_C112_Proxy.mp4,13.166667
634,DarkRed and Teal,E:\CLOUD FILM MEDIA\PROXIES\A030_02010936_C113_Proxy.mp4,41.166667
635,DarkRed and Teal,E:\CLOUD FILM MEDIA\PROXIES\A030_02010938_C114_Proxy.mp4,25.083333
636,DarkRed and Teal,E:\CLOUD FILM MEDIA\PROXIES\A030_02010939_C115_Proxy.mp4,38.083333
637,Gray and Black,E:\CLOUD FILM MEDIA\PROXIES\A030_02010939_C116_Proxy.mp4,12.375
638,Gray and LightCoral,E:\CLOUD FILM MEDIA\PROXIES\A030_02010940_C117_Proxy.mp4,13.0
639,Gray and Black,E:\CLOUD FILM MEDIA\PROXIES\A030_02010940_C118_Proxy.mp4,17.291667
640,Gray and Black,E:\CLOUD FILM MEDIA\PROXIES\A030_02010940_C119_Proxy.mp4,14.75
641,Gray and LightCoral,E:\CLOUD FILM MEDIA\PROXIES\A030_02010941_C120_Proxy.mp4,3.916667
642,Gray and Dolly,E:\CLOUD FILM MEDIA\PROXIES\A030_02010942_C121_Proxy.mp4,15.458333
643,Gray and Teal,E:\CLOUD FILM MEDIA\PROXIES\A030_02010942_C122_Proxy.mp4,9.541667
644,Gray and Teal,E:\CLOUD FILM MEDIA\PROXIES\A030_02010942_C123_Proxy.mp4,8.0
645,Gray and Dolly,E:\CLOUD FILM MEDIA\PROXIES\A030_02010942_C124_Proxy.mp4,5.666667
646,Gray and Black,E:\CLOUD FILM MEDIA\PROXIES\A030_02010943_C125_Proxy.mp4,4.041667
647,Teal and Purple,E:\CLOUD FILM MEDIA\PROXIES\A030_02010950_C126_Proxy.mp4,4.541667
648,Teal and DarkRed,E:\CLOUD FILM MEDIA\PROXIES\A030_02010951_C127_Proxy.mp4,11.75
649,Black and Rose,E:\CLOUD FILM MEDIA\PROXIES\A030_02010952_C128_Proxy.mp4,5.791667
650,Gray and Black,E:\CLOUD FILM MEDIA\PROXIES\A030_02010952_C129_Proxy.mp4,24.041667
651,Teal and DarkRed,E:\CLOUD FILM MEDIA\PROXIES\A030_02010952_C130_Proxy.mp4,52.5
652,Teal and DarkRed,E:\CLOUD FILM MEDIA\PROXIES\A030_02010954_C131_Proxy.mp4,20.875
653,Teal and Purple,E:\CLOUD FILM MEDIA\PROXIES\A030_02010955_C132_Proxy.mp4,5.333333
654,Navy and Olive,E:\CLOUD FILM MEDIA\PROXIES\A030_02010955_C133_Proxy.mp4,41.916667
655,Black and LightCoral,E:\CLOUD FILM MEDIA\PROXIES\A030_02010956_C134_Proxy.mp4,5.541667
656,Black and Rose,E:\CLOUD FILM MEDIA\PROXIES\A030_02010956_C135_Proxy.mp4,56.625
657,Black and LightCoral,E:\CLOUD FILM MEDIA\PROXIES\A030_02010957_C136_Proxy.mp4,9.0
658,Gray,E:\CLOUD FILM MEDIA\PROXIES\A030_02010958_C137_Proxy.mp4,28.708333
659,Teal and Black,E:\CLOUD FILM MEDIA\PROXIES\A030_02010958_C138_Proxy.mp4,45.875
660,Teal and DarkRed,E:\CLOUD FILM MEDIA\PROXIES\A030_02020053_C139_Proxy.mp4,46.541667
661,Teal and Gray,E:\CLOUD FILM MEDIA\PROXIES\A030_02020054_C140_Proxy.mp4,31.916667
662,Green and Navy,E:\CLOUD FILM MEDIA\PROXIES\A030_02020055_C141_Proxy.mp4,11.833333
663,Teal and DarkRed,E:\CLOUD FILM MEDIA\PROXIES\A030_02020055_C142_Proxy.mp4,12.083333
664,Teal and Green,E:\CLOUD FILM MEDIA\PROXIES\A030_02020055_C143_Proxy.mp4,16.791667
665,Teal and Gray,E:\CLOUD FILM MEDIA\PROXIES\A030_02020056_C144_Proxy.mp4,19.833333
666,Teal and Black,E:\CLOUD FILM MEDIA\PROXIES\A030_02020057_C145_Proxy.mp4,11.458333
667,Teal and DarkRed,E:\CLOUD FILM MEDIA\PROXIES\A030_02020057_C146_Proxy.mp4,12.708333
668,Teal and DarkRed,E:\CLOUD FILM MEDIA\PROXIES\A030_02020057_C147_Proxy.mp4,40.166667
669,Black and Teal,E:\CLOUD FILM MEDIA\PROXIES\A030_02020058_C148_Proxy.mp4,28.125
670,Teal and DarkRed,E:\CLOUD FILM MEDIA\PROXIES\A030_02020059_C149_Proxy.mp4,48.208333
671,Teal and DarkRed,E:\CLOUD FILM MEDIA\PROXIES\A030_02020100_C150_Proxy.mp4,41.875
672,Green and Navy,E:\CLOUD FILM MEDIA\PROXIES\A030_02020101_C151_Proxy.mp4,22.375
673,Navy and Green,E:\CLOUD FILM MEDIA\PROXIES\A030_02020101_C152_Proxy.mp4,71.666667
674,Teal and DarkRed,E:\CLOUD FILM MEDIA\PROXIES\A030_02020103_C153_Proxy.mp4,23.958333
675,Teal and DarkRed,E:\CLOUD FILM MEDIA\PROXIES\A030_02020103_C154_Proxy.mp4,22.791667
676,LightCoral and Teal,E:\CLOUD FILM MEDIA\PROXIES\A030_02020104_C155_Proxy.mp4,10.833333
677,Teal and LightCoral,E:\CLOUD FILM MEDIA\PROXIES\A030_02020105_C156_Proxy.mp4,12.666667
678,Teal and Red,E:\CLOUD FILM MEDIA\PROXIES\A030_02020105_C157_Proxy.mp4,23.458333
679,Dolly and Pink,E:\CLOUD FILM MEDIA\PROXIES\A030_02020157_C158_Proxy.mp4,1.75
680,Dolly and Pink,E:\CLOUD FILM MEDIA\PROXIES\A030_02020157_C159_Proxy.mp4,84.666667
681,Green and Navy,E:\CLOUD FILM MEDIA\PROXIES\A032_02020330_C001_Proxy.mp4,32.25
682,Green and Navy,E:\CLOUD FILM MEDIA\PROXIES\A032_02020331_C002_Proxy.mp4,17.458333
683,Gray and Teal,E:\CLOUD FILM MEDIA\PROXIES\A032_02020332_C003_Proxy.mp4,3.791667
684,Gray and Teal,E:\CLOUD FILM MEDIA\PROXIES\A032_02020332_C004_Proxy.mp4,20.5
685,Teal,E:\CLOUD FILM MEDIA\PROXIES\A032_02020333_C005_Proxy.mp4,10.791667
686,Teal and Malibu,E:\CLOUD FILM MEDIA\PROXIES\A032_02020333_C006_Proxy.mp4,17.541667
687,Teal and Black,E:\CLOUD FILM MEDIA\PROXIES\A032_02020334_C007_Proxy.mp4,11.541667
688,Dolly and Pink,E:\CLOUD FILM MEDIA\PROXIES\A032_02020334_C008_Proxy.mp4,12.25
689,Green and Navy,E:\CLOUD FILM MEDIA\PROXIES\A032_02020335_C009_Proxy.mp4,13.833333
690,LightCoral and Anakiwa,E:\CLOUD FILM MEDIA\PROXIES\A032_02020335_C010_Proxy.mp4,11.083333
691,Dolly and LightCoral,E:\CLOUD FILM MEDIA\PROXIES\A032_02020336_C011_Proxy.mp4,10.125
692,LightCoral and Cyan,E:\CLOUD FILM MEDIA\PROXIES\A032_02020336_C012_Proxy.mp4,7.125
693,LightCoral and Cyan,E:\CLOUD FILM MEDIA\PROXIES\A032_02020336_C013_Proxy.mp4,6.083333
694,Dolly and LightCoral,E:\CLOUD FILM MEDIA\PROXIES\A032_02020337_C014_Proxy.mp4,12.958333
695,Gray and White,E:\CLOUD FILM MEDIA\PROXIES\A032_02020338_C015_Proxy.mp4,10.291667
696,LightCoral and Anakiwa,E:\CLOUD FILM MEDIA\PROXIES\A032_02020338_C016_Proxy.mp4,20.041667
697,Gray and White,E:\CLOUD FILM MEDIA\PROXIES\A032_02020338_C017_Proxy.mp4,40.041667
698,Gray and White,E:\CLOUD FILM MEDIA\PROXIES\A032_02020339_C018_Proxy.mp4,0.916667
699,Gray and White,E:\CLOUD FILM MEDIA\PROXIES\A032_02020340_C019_Proxy.mp4,38.166667
700,Dolly and Malibu,E:\CLOUD FILM MEDIA\PROXIES\A032_02020340_C020_Proxy.mp4,8.583333
701,Gray and White,E:\CLOUD FILM MEDIA\PROXIES\A032_02020341_C021_Proxy.mp4,25.375
702,Gray and Teal,E:\CLOUD FILM MEDIA\PROXIES\A032_02020342_C022_Proxy.mp4,18.916667
703,Gray and White,E:\CLOUD FILM MEDIA\PROXIES\A032_02020342_C023_Proxy.mp4,7.583333
704,Gray and White,E:\CLOUD FILM MEDIA\PROXIES\A032_02020342_C024_Proxy.mp4,6.833333
705,Gray and White,E:\CLOUD FILM MEDIA\PROXIES\A032_02020343_C025_Proxy.mp4,16.375
706,Teal and Gray,E:\CLOUD FILM MEDIA\PROXIES\A032_02020344_C026_Proxy.mp4,35.0
707,Teal and Anakiwa,E:\CLOUD FILM MEDIA\PROXIES\A032_02020401_C027_Proxy.mp4,11.625
708,Teal and Gray,E:\CLOUD FILM MEDIA\PROXIES\A032_02020401_C028_Proxy.mp4,33.541667
709,Teal and DarkRed,E:\CLOUD FILM MEDIA\PROXIES\A032_02020402_C029_Proxy.mp4,8.458333
710,Teal and Black,E:\CLOUD FILM MEDIA\PROXIES\A032_02020402_C030_Proxy.mp4,3.958333
711,Teal and DarkRed,E:\CLOUD FILM MEDIA\PROXIES\A032_02020402_C031_Proxy.mp4,44.0
712,Teal and DarkRed,E:\CLOUD FILM MEDIA\PROXIES\A032_02020403_C032_Proxy.mp4,5.625
713,Teal and DarkRed,E:\CLOUD FILM MEDIA\PROXIES\A032_02020403_C033_Proxy.mp4,2.5
714,Teal and DarkRed,E:\CLOUD FILM MEDIA\PROXIES\A032_02020403_C034_Proxy.mp4,4.458333
715,Teal and DarkRed,E:\CLOUD FILM MEDIA\PROXIES\A032_02020403_C035_Proxy.mp4,5.333333
716,Teal and DarkRed,E:\CLOUD FILM MEDIA\PROXIES\A032_02020403_C036_Proxy.mp4,22.333333
717,Teal and DarkRed,E:\CLOUD FILM MEDIA\PROXIES\A032_02020404_C037_Proxy.mp4,2.875
718,Teal and DarkRed,E:\CLOUD FILM MEDIA\PROXIES\A032_02020404_C038_Proxy.mp4,11.875
719,Teal and Gray,E:\CLOUD FILM MEDIA\PROXIES\A032_02020405_C039_Proxy.mp4,17.083333
720,Black and Teal,E:\CLOUD FILM MEDIA\PROXIES\A032_02020405_C040_Proxy.mp4,6.875
721,Teal and Olive,E:\CLOUD FILM MEDIA\PROXIES\A032_02020405_C041_Proxy.mp4,3.291667
722,Gray and Teal,E:\CLOUD FILM MEDIA\PROXIES\A032_02020405_C042_Proxy.mp4,69.875
723,Teal and Olive,E:\CLOUD FILM MEDIA\PROXIES\A032_02020407_C043_Proxy.mp4,8.875
724,Teal and Olive,E:\CLOUD FILM MEDIA\PROXIES\A032_02020407_C044_Proxy.mp4,22.625
725,Teal and Olive,E:\CLOUD FILM MEDIA\PROXIES\A032_02020407_C045_Proxy.mp4,32.625
726,Malibu and Anakiwa,E:\CLOUD FILM MEDIA\PROXIES\A032_02020408_C046_Proxy.mp4,5.166667
727,Malibu and MintGreen,E:\CLOUD FILM MEDIA\PROXIES\A032_02020408_C047_Proxy.mp4,3.083333
728,Malibu and Anakiwa,E:\CLOUD FILM MEDIA\PROXIES\A032_02020408_C048_Proxy.mp4,3.666667
729,Teal and Gray,E:\CLOUD FILM MEDIA\PROXIES\A032_02020410_C049_Proxy.mp4,10.083333
730,Teal and Pink,E:\CLOUD FILM MEDIA\PROXIES\A032_02020410_C050_Proxy.mp4,4.083333
731,Teal and DarkRed,E:\CLOUD FILM MEDIA\PROXIES\A032_02020410_C051_Proxy.mp4,31.041667
732,Gray and Teal,E:\CLOUD FILM MEDIA\PROXIES\A032_02020411_C052_Proxy.mp4,14.0
733,Gray,E:\CLOUD FILM MEDIA\PROXIES\A032_02020411_C053_Proxy.mp4,8.375
734,Gray,E:\CLOUD FILM MEDIA\PROXIES\A032_02020411_C054_Proxy.mp4,6.583333
735,Gray and Teal,E:\CLOUD FILM MEDIA\PROXIES\A032_02020411_C055_Proxy.mp4,3.916667
736,Gray and Black,E:\CLOUD FILM MEDIA\PROXIES\A032_02020411_C056_Proxy.mp4,34.583333
737,Gray and White,E:\CLOUD FILM MEDIA\PROXIES\A032_02020412_C057_Proxy.mp4,3.5
738,Teal and Olive,E:\CLOUD FILM MEDIA\PROXIES\A032_02020412_C058_Proxy.mp4,3.291667
739,Green and Navy,E:\CLOUD FILM MEDIA\PROXIES\A032_02020413_C059_Proxy.mp4,3.708333
740,Green and Navy,E:\CLOUD FILM MEDIA\PROXIES\A032_02020413_C060_Proxy.mp4,4.458333
741,Teal and Olive,E:\CLOUD FILM MEDIA\PROXIES\A032_02020413_C061_Proxy.mp4,3.416667
742,LightCoral and Anakiwa,E:\CLOUD FILM MEDIA\PROXIES\A032_02020420_C062_Proxy.mp4,34.083333
743,Gray and Teal,E:\CLOUD FILM MEDIA\PROXIES\A032_02020421_C063_Proxy.mp4,6.958333
744,LightCoral and Anakiwa,E:\CLOUD FILM MEDIA\PROXIES\A032_02020421_C064_Proxy.mp4,4.791667
745,Teal and DarkRed,E:\CLOUD FILM MEDIA\PROXIES\A032_02020504_C065_Proxy.mp4,6.083333
746,Teal and Olive,E:\CLOUD FILM MEDIA\PROXIES\A032_02020504_C066_Proxy.mp4,4.791667
747,Teal and DarkRed,E:\CLOUD FILM MEDIA\PROXIES\A032_02020504_C067_Proxy.mp4,8.083333
748,Gray and Teal,E:\CLOUD FILM MEDIA\PROXIES\A032_02020504_C068_Proxy.mp4,14.458333
749,Gray and Teal,E:\CLOUD FILM MEDIA\PROXIES\A032_02020505_C069_Proxy.mp4,20.0
750,Teal and DarkRed,E:\CLOUD FILM MEDIA\PROXIES\A032_02020505_C070_Proxy.mp4,15.208333
751,Teal and Gray,E:\CLOUD FILM MEDIA\PROXIES\A032_02020507_C071_Proxy.mp4,40.416667
752,Teal and Black,E:\CLOUD FILM MEDIA\PROXIES\A032_02020508_C072_Proxy.mp4,12.541667
753,Teal and Black,E:\CLOUD FILM MEDIA\PROXIES\A032_02020508_C073_Proxy.mp4,5.625
754,Teal and Black,E:\CLOUD FILM MEDIA\PROXIES\A032_02020509_C074_Proxy.mp4,4.125
755,Teal and Black,E:\CLOUD FILM MEDIA\PROXIES\A032_02020509_C075_Proxy.mp4,35.625
756,Black and Teal,E:\CLOUD FILM MEDIA\PROXIES\A032_02020510_C076_Proxy.mp4,91.416667
757,Teal,E:\CLOUD FILM MEDIA\PROXIES\A032_02020517_C077_Proxy.mp4,177.083333
758,Gray and Black,E:\CLOUD FILM MEDIA\PROXIES\A032_02020544_C078_Proxy.mp4,180.958333
759,Teal and White,E:\CLOUD FILM MEDIA\PROXIES\A032_02020547_C079_Proxy.mp4,21.375
760,Teal and Yellow,E:\CLOUD FILM MEDIA\PROXIES\A032_02020548_C080_Proxy.mp4,14.666667
761,Teal,E:\CLOUD FILM MEDIA\PROXIES\A032_02020548_C081_Proxy.mp4,7.958333
762,Teal and Yellow,E:\CLOUD FILM MEDIA\PROXIES\A032_02020548_C082_Proxy.mp4,151.75
763,Teal and Black,E:\CLOUD FILM MEDIA\PROXIES\A032_02020556_C083_Proxy.mp4,24.208333
764,Teal and DarkRed,E:\CLOUD FILM MEDIA\PROXIES\A032_02020556_C084_Proxy.mp4,32.833333
765,Teal and DarkRed,E:\CLOUD FILM MEDIA\PROXIES\A032_02020557_C085_Proxy.mp4,73.583333
766,Teal and Black,E:\CLOUD FILM MEDIA\PROXIES\A032_02020557_C086_Proxy.mp4,48.041667
767,Teal and Black,E:\CLOUD FILM MEDIA\PROXIES\A032_02020558_C087_Proxy.mp4,39.083333
768,Teal and White,E:\CLOUD FILM MEDIA\PROXIES\A032_02020558_C088_Proxy.mp4,11.041667
769,Teal and White,E:\CLOUD FILM MEDIA\PROXIES\A032_02020559_C089_Proxy.mp4,12.5
770,Teal and Green,E:\CLOUD FILM MEDIA\PROXIES\A032_02020559_C090_Proxy.mp4,10.208333
771,Teal and Olive,E:\CLOUD FILM MEDIA\PROXIES\A032_02020559_C091_Proxy.mp4,70.75
772,Teal and Olive,E:\CLOUD FILM MEDIA\PROXIES\A032_02020600_C092_Proxy.mp4,27.333333
773,Malibu and Teal,E:\CLOUD FILM MEDIA\PROXIES\A032_02020601_C093_Proxy.mp4,14.583333
774,Gray and Malibu,E:\CLOUD FILM MEDIA\PROXIES\A032_02020601_C094_Proxy.mp4,14.875
775,Malibu and Teal,E:\CLOUD FILM MEDIA\PROXIES\A032_02020601_C095_Proxy.mp4,6.541667
776,Gray and DeepSkyBlue,E:\CLOUD FILM MEDIA\PROXIES\A032_02020601_C096_Proxy.mp4,8.666667
777,Black and Green,E:\CLOUD FILM MEDIA\PROXIES\A032_02020957_C097_Proxy.mp4,10.416667
778,Black and Olive,E:\CLOUD FILM MEDIA\PROXIES\A032_02020958_C098_Proxy.mp4,28.416667
779,Black and Olive,E:\CLOUD FILM MEDIA\PROXIES\A032_02020958_C099_Proxy.mp4,3.5
780,Black and Gray,E:\CLOUD FILM MEDIA\PROXIES\A032_02020958_C100_Proxy.mp4,6.083333
781,Black and Teal,E:\CLOUD FILM MEDIA\PROXIES\A032_02020959_C101_Proxy.mp4,4.458333
782,Black and Chartreuse,E:\CLOUD FILM MEDIA\PROXIES\A032_02020959_C102_Proxy.mp4,11.041667
783,Black and Teal,E:\CLOUD FILM MEDIA\PROXIES\A032_02020959_C103_Proxy.mp4,16.458333
784,Black and DarkRed,E:\CLOUD FILM MEDIA\PROXIES\A032_02020959_C104_Proxy.mp4,14.458333
785,Black and DarkRed,E:\CLOUD FILM MEDIA\PROXIES\A032_02021000_C105_Proxy.mp4,42.708333
786,Black and DarkRed,E:\CLOUD FILM MEDIA\PROXIES\A032_02021001_C106_Proxy.mp4,14.541667
787,Black and DarkRed,E:\CLOUD FILM MEDIA\PROXIES\A032_02021001_C107_Proxy.mp4,41.375
788,Black and DarkRed,E:\CLOUD FILM MEDIA\PROXIES\A032_02021002_C108_Proxy.mp4,19.458333
789,Black and Green,E:\CLOUD FILM MEDIA\PROXIES\A032_02021002_C109_Proxy.mp4,8.25
790,Black and DarkRed,E:\CLOUD FILM MEDIA\PROXIES\A032_02021003_C110_Proxy.mp4,48.083333
791,Black and DarkRed,E:\CLOUD FILM MEDIA\PROXIES\A032_02021004_C111_Proxy.mp4,133.708333
792,Black and DarkRed,E:\CLOUD FILM MEDIA\PROXIES\A032_02021006_C112_Proxy.mp4,35.625
793,Black and Blue,E:\CLOUD FILM MEDIA\PROXIES\A032_02021109_C113_Proxy.mp4,22.25
794,Teal and Navy,E:\CLOUD FILM MEDIA\PROXIES\A032_02021110_C114_Proxy.mp4,11.75
795,Teal and Navy,E:\CLOUD FILM MEDIA\PROXIES\A032_02021110_C115_Proxy.mp4,89.625
796,Gray and DeepSkyBlue,E:\CLOUD FILM MEDIA\PROXIES\A032_02021116_C116_Proxy.mp4,56.708333
797,Navy and Teal,E:\CLOUD FILM MEDIA\PROXIES\A032_02021120_C117_Proxy.mp4,153.291667
798,Navy and Green,E:\CLOUD FILM MEDIA\PROXIES\A032_02021123_C118_Proxy.mp4,26.458333
799,Black and DarkRed,E:\CLOUD FILM MEDIA\PROXIES\A032_02021131_C119_Proxy.mp4,56.541667
800,Black and Navy,E:\CLOUD FILM MEDIA\PROXIES\A032_02021132_C120_Proxy.mp4,57.625
801,Navy and Green,E:\CLOUD FILM MEDIA\PROXIES\A032_02021133_C121_Proxy.mp4,49.333333
802,Black and LightCoral,E:\CLOUD FILM MEDIA\PROXIES\DJI_0092_Proxy.mp4,290.9907
803,Gray and Black,E:\CLOUD FILM MEDIA\PROXIES\DJI_0093_Proxy.mp4,124.991533
804,Gray and Black,E:\CLOUD FILM MEDIA\PROXIES\DJI_0094_Proxy.mp4,290.957333
805,Rose and Teal,E:\CLOUD FILM MEDIA\PROXIES\DJI_0095_Proxy.mp4,249.182267
806,Olive and Navy,E:\CLOUD FILM MEDIA\PROXIES\DJI_0096_Proxy.mp4,290.9907
807,Gray and Teal,E:\CLOUD FILM MEDIA\PROXIES\DJI_0097_Proxy.mp4,290.9907
808,Teal and Purple,E:\CLOUD FILM MEDIA\PROXIES\DJI_0098_Proxy.mp4,16.850167
809,Black and LightCoral,E:\CLOUD FILM MEDIA\PROXIES\DJI_0099_Proxy.mp4,52.185467
810,Gray and Black,E:\CLOUD FILM MEDIA\PROXIES\DJI_0100_Proxy.mp4,290.9907
811,Gray and Teal,E:\CLOUD FILM MEDIA\PROXIES\DJI_0101_Proxy.mp4,290.9907
812,Gray and Teal,E:\CLOUD FILM MEDIA\PROXIES\DJI_0102_Proxy.mp4,290.9907
813,Gray and Black,E:\CLOUD FILM MEDIA\PROXIES\DJI_0103_Proxy.mp4,103.970533
814,Black,E:\CLOUD FILM MEDIA\PROXIES\DJI_0105_Proxy.mp4,56.623233
815,Black and DarkRed,E:\CLOUD FILM MEDIA\PROXIES\DJI_0106_Proxy.mp4,234.467567
816,Black and DarkRed,E:\CLOUD FILM MEDIA\PROXIES\DJI_0107_Proxy.mp4,8.141467
817,Black and Chartreuse,E:\CLOUD FILM MEDIA\PROXIES\DJI_0108_Proxy.mp4,13.6136
818,Black and Malibu,E:\CLOUD FILM MEDIA\PROXIES\DJI_0109_Proxy.mp4,255.622033
819,Gray and Malibu,E:\CLOUD FILM MEDIA\PROXIES\DJI_0110_Proxy.mp4,187.620767
820,Navy and Lime,E:\CLOUD FILM MEDIA\PROXIES\DJI_0111_Proxy.mp4,290.9907
821,Gray and DarkRed,E:\CLOUD FILM MEDIA\PROXIES\DJI_0112_Proxy.mp4,290.9907
822,Gray,E:\CLOUD FILM MEDIA\PROXIES\DJI_0113_Proxy.mp4,2.535867
823,Gray,E:\CLOUD FILM MEDIA\PROXIES\DJI_0114_Proxy.mp4,290.9907
824,Gray and Teal,E:\CLOUD FILM MEDIA\PROXIES\DJI_0115_Proxy.mp4,100.366933
825,Gray and Malibu,E:\CLOUD FILM MEDIA\PROXIES\DJI_0116_Proxy.mp4,100.3002
826,Black,E:\CLOUD FILM MEDIA\PROXIES\DJI_0117_Proxy.mp4,18.8188
827,Gray and Blue,E:\CLOUD FILM MEDIA\PROXIES\DJI_0118_Proxy.mp4,290.957333
828,Gray,E:\CLOUD FILM MEDIA\PROXIES\DJI_0119_Proxy.mp4,290.957333
829,Gray and Malibu,E:\CLOUD FILM MEDIA\PROXIES\DJI_0120_Proxy.mp4,127.9278
830,Gray and Teal,E:\CLOUD FILM MEDIA\PROXIES\DJI_0121_Proxy.mp4,30.196833
831,Gray and Navy,E:\CLOUD FILM MEDIA\PROXIES\DJI_0122_Proxy.mp4,290.957333
832,Gray and Malibu,E:\CLOUD FILM MEDIA\PROXIES\DJI_0123_Proxy.mp4,278.211267
833,Cyan and Fuchsia,E:\CLOUD FILM MEDIA\PROXIES\DJI_0124_Proxy.mp4,227.260367
834,Gray and Black,E:\CLOUD FILM MEDIA\PROXIES\DJI_0125_Proxy.mp4,5.638967
835,Gray and Black,E:\CLOUD FILM MEDIA\PROXIES\DJI_0126_Proxy.mp4,155.922433
836,Black and LightCoral,E:\CLOUD FILM MEDIA\PROXIES\DJI_0127_Proxy.mp4,194.661133
837,Black and Dolly,E:\CLOUD FILM MEDIA\PROXIES\DJI_0128_Proxy.mp4,290.9907
838,Teal and DarkRed,E:\CLOUD FILM MEDIA\PROXIES\DJI_0129_Proxy.mp4,20.053367
839,Gray and Black,E:\CLOUD FILM MEDIA\PROXIES\DJI_0130_Proxy.mp4,290.9907
840,Gray and Teal,E:\CLOUD FILM MEDIA\PROXIES\DJI_0131_Proxy.mp4,39.506133
841,Gray and Teal,E:\CLOUD FILM MEDIA\PROXIES\DJI_0135_Proxy.mp4,290.957333
842,Navy and Lime,E:\CLOUD FILM MEDIA\PROXIES\DJI_0136_Proxy.mp4,59.793067
843,Cyan and LightCoral,E:\CLOUD FILM MEDIA\PROXIES\DJI_0138_Proxy.mp4,127.6275
844,Gray and Teal,E:\CLOUD FILM MEDIA\PROXIES\DJI_0139_Proxy.mp4,164.931433
845,Gray and Black,E:\CLOUD FILM MEDIA\PROXIES\DJI_0142_Proxy.mp4,291.0908
846,Gray and Black,E:\CLOUD FILM MEDIA\PROXIES\DJI_0143_Proxy.mp4,139.772967
847,Gray and Teal,E:\CLOUD FILM MEDIA\PROXIES\DJI_0144_Proxy.mp4,104.104
848,Gray and Teal,E:\CLOUD FILM MEDIA\PROXIES\DJI_0145_Proxy.mp4,133.766967
849,Gray and Teal,E:\CLOUD FILM MEDIA\PROXIES\DJI_0150_Proxy.mp4,126.693233
850,Gray and Green,E:\CLOUD FILM MEDIA\PROXIES\DJI_0153_Proxy.mp4,290.957333
851,Gray and Navy,E:\CLOUD FILM MEDIA\PROXIES\DJI_0154_Proxy.mp4,67.333933
852,Black and Dolly,E:\CLOUD FILM MEDIA\PROXIES\DJI_0155_Proxy.mp4,252.7525
853,Gray,E:\CLOUD FILM MEDIA\PROXIES\DJI_0158_Proxy.mp4,88.354933
854,Gray and Green,E:\CLOUD FILM MEDIA\PROXIES\DJI_0160_Proxy.mp4,78.4784
855,Gray and Malibu,E:\CLOUD FILM MEDIA\PROXIES\DJI_0162_Proxy.mp4,97.2972
856,White and Blue,E:\CLOUD FILM MEDIA\PROXIES\DJI_0173_Proxy.mp4,164.0639
857,Gray,E:\CLOUD FILM MEDIA\PROXIES\DJI_0177_Proxy.mp4,112.479033
858,Gray and LightCoral,E:\CLOUD FILM MEDIA\PROXIES\DJI_0178_Proxy.mp4,290.9907
859,Gray and Teal,E:\CLOUD FILM MEDIA\PROXIES\DJI_0179_Proxy.mp4,4.938267
860,Gray and Teal,E:\CLOUD FILM MEDIA\PROXIES\DJI_0187_Proxy.mp4,198.0979
861,Gray and Black,E:\CLOUD FILM MEDIA\PROXIES\DJI_0198_Proxy.mp4,55.9559
862,Gray and Olive,E:\CLOUD FILM MEDIA\PROXIES\DJI_0199_Proxy.mp4,152.385567
863,Gray and Black,E:\CLOUD FILM MEDIA\PROXIES\DJI_0200_Proxy.mp4,290.957333
864,Teal and Purple,E:\CLOUD FILM MEDIA\PROXIES\DJI_0201_Proxy.mp4,152.018533
865,Gray and Black,E:\CLOUD FILM MEDIA\PROXIES\DJI_0203_Proxy.mp4,12.379033
866,Gray and Teal,E:\CLOUD FILM MEDIA\PROXIES\DJI_0204_Proxy.mp4,212.979433
867,Gray and Teal,E:\CLOUD FILM MEDIA\PROXIES\DJI_0207_Proxy.mp4,290.9907
868,Gray and Teal,E:\CLOUD FILM MEDIA\PROXIES\DJI_0208_Proxy.mp4,290.9907
869,Gray and Teal,E:\CLOUD FILM MEDIA\PROXIES\DJI_0209_Proxy.mp4,3.636967
870,Gray and Teal,E:\CLOUD FILM MEDIA\PROXIES\DJI_0210_Proxy.mp4,140.874067
871,Black and LightCoral,E:\CLOUD FILM MEDIA\PROXIES\DJI_0211_Proxy.mp4,291.157533
872,Teal and DarkRed,E:\CLOUD FILM MEDIA\PROXIES\DJI_0212_Proxy.mp4,290.9907
873,Teal and Black,E:\CLOUD FILM MEDIA\PROXIES\DJI_0213_Proxy.mp4,13.146467
874,Teal and Black,E:\CLOUD FILM MEDIA\PROXIES\DJI_0214_Proxy.mp4,66.232833
875,Black and Gray,E:\CLOUD FILM MEDIA\PROXIES\DJI_0216_Proxy.mp4,290.9907
876,Navy and Orange,E:\CLOUD FILM MEDIA\PROXIES\DJI_0217_Proxy.mp4,202.769233
877,Gray and Black,E:\CLOUD FILM MEDIA\PROXIES\DJI_0218_Proxy.mp4,290.9907
878,Green and Purple,E:\CLOUD FILM MEDIA\PROXIES\DJI_0219_Proxy.mp4,136.703233
879,Black,E:\CLOUD FILM MEDIA\PROXIES\DJI_0220_Proxy.mp4,290.9907
880,Gray and Black,E:\CLOUD FILM MEDIA\PROXIES\DJI_0221_Proxy.mp4,13.847167
881,Black and White,E:\CLOUD FILM MEDIA\PROXIES\DJI_0222_Proxy.mp4,70.904167
882,Teal and DarkRed,E:\CLOUD FILM MEDIA\PROXIES\DJI_0223_Proxy.mp4,290.9907
883,Black and Gray,E:\CLOUD FILM MEDIA\PROXIES\DJI_0224_Proxy.mp4,122.255467
884,Black and Gray,E:\CLOUD FILM MEDIA\PROXIES\DJI_0225_Proxy.mp4,171.7716
885,Green and Purple,E:\CLOUD FILM MEDIA\PROXIES\DJI_0226_Proxy.mp4,290.9907
886,Gray and DeepSkyBlue,E:\CLOUD FILM MEDIA\PROXIES\DJI_0227_Proxy.mp4,290.9907
887,Black and Teal,E:\CLOUD FILM MEDIA\PROXIES\DJI_0228_Proxy.mp4,4.471133
888,Black and Teal,E:\CLOUD FILM MEDIA\PROXIES\DJI_0229_Proxy.mp4,32.298933
889,Gray and Teal,E:\CLOUD FILM MEDIA\PROXIES\DJI_0233_Proxy.mp4,137.704233
890,Gray and Teal,E:\CLOUD FILM MEDIA\PROXIES\DJI_0235_Proxy.mp4,208.208
891,Navy and Olive,E:\CLOUD FILM MEDIA\PROXIES\DJI_0236_Proxy.mp4,290.9907
892,Gray,E:\CLOUD FILM MEDIA\PROXIES\DJI_0237_Proxy.mp4,290.9907
893,Gray and Black,E:\CLOUD FILM MEDIA\PROXIES\DJI_0238_Proxy.mp4,290.9907
894,Gray and Malibu,E:\CLOUD FILM MEDIA\PROXIES\DJI_0239_Proxy.mp4,227.227
895,Teal and DarkRed,E:\CLOUD FILM MEDIA\PROXIES\DJI_0240_Proxy.mp4,290.9907
896,Black and LightCoral,E:\CLOUD FILM MEDIA\PROXIES\DJI_0241_Proxy.mp4,290.9907
897,Black,E:\CLOUD FILM MEDIA\PROXIES\DJI_0242_Proxy.mp4,290.957333
898,Black,E:\CLOUD FILM MEDIA\PROXIES\DJI_0243_Proxy.mp4,139.172367
899,Gray and Black,E:\CLOUD FILM MEDIA\PROXIES\DJI_0244_Proxy.mp4,290.9907
900,Teal and DarkRed,E:\CLOUD FILM MEDIA\PROXIES\DJI_0245_Proxy.mp4,168.601767
901,Teal and DarkRed,E:\CLOUD FILM MEDIA\PROXIES\DJI_0246_Proxy.mp4,290.9907
902,Black and LightCoral,E:\CLOUD FILM MEDIA\PROXIES\DJI_0247_Proxy.mp4,154.087267
903,Black and Gray,E:\CLOUD FILM MEDIA\PROXIES\DJI_0248_Proxy.mp4,12.045367
904,Black and Gray,E:\CLOUD FILM MEDIA\PROXIES\DJI_0249_Proxy.mp4,96.329567
905,Gray and Navy,E:\CLOUD FILM MEDIA\PROXIES\DJI_0251_Proxy.mp4,54.2542
906,Black and White,E:\CLOUD FILM MEDIA\PROXIES\DJI_0252_Proxy.mp4,291.024067
907,Teal and Lime,E:\CLOUD FILM MEDIA\PROXIES\DJI_0253_Proxy.mp4,132.765967
